YEAR,DOY,T2M,T2M_MIN,T2M_MAX,T2MDEW,PRECTOTCORR,RH2M,GWETPROF,GWETROOT,GWETTOP
2019,1,-15.15,-23.11,-5.67,-25.5,0.0,50.0,0.47,0.46,0.31
2019,2,-16.7,-21.23,-12.04,-21.1,0.0,69.31,0.47,0.46,0.31
2019,3,-18.35,-23.24,-12.52,-28.65,0.0,43.81,0.47,0.46,0.31
2019,4,-16.61,-25.14,-6.83,-26.58,0.0,48.06,0.47,0.46,0.3
2019,5,-14.36,-18.17,-9.55,-19.3,0.01,69.38,0.47,0.46,0.3
2019,6,-17.31,-21.24,-13.17,-21.42,0.03,71.12,0.47,0.46,0.3
2019,7,-17.66,-22.88,-12.17,-26.29,0.35,51.19,0.47,0.46,0.3
2019,8,-15.81,-24.13,-8.48,-22.71,0.0,58.25,0.47,0.46,0.3
2019,9,-16.0,-21.42,-9.59,-25.03,0.0,50.06,0.47,0.46,0.3
2019,10,-15.96,-23.78,-7.23,-25.12,0.0,51.12,0.47,0.46,0.3
2019,11,-16.42,-21.79,-10.07,-21.3,0.0,68.75,0.47,0.46,0.3
2019,12,-17.49,-25.08,-9.65,-23.74,0.01,64.31,0.47,0.46,0.3
2019,13,-16.72,-21.47,-12.84,-21.98,0.01,63.94,0.47,0.46,0.3
2019,14,-20.02,-26.31,-12.53,-32.07,0.0,43.81,0.47,0.46,0.3
2019,15,-15.29,-23.47,-4.35,-29.1,0.0,32.94,0.47,0.46,0.3
2019,16,-12.84,-20.69,-3.57,-16.4,0.0,74.31,0.47,0.46,0.3
2019,17,-16.41,-22.56,-11.04,-25.58,0.0,51.81,0.47,0.46,0.3
2019,18,-17.49,-25.33,-8.1,-28.99,0.0,40.94,0.47,0.46,0.29
2019,19,-14.68,-21.31,-6.51,-19.27,0.0,70.44,0.47,0.46,0.29
2019,20,-14.44,-20.79,-5.49,-18.45,0.0,71.31,0.47,0.46,0.29
2019,21,-15.83,-21.79,-9.21,-19.45,0.68,72.88,0.47,0.46,0.29
2019,22,-15.9,-19.22,-11.16,-19.93,3.23,71.62,0.47,0.46,0.29
2019,23,-17.12,-20.93,-13.99,-21.37,0.65,69.0,0.47,0.46,0.29
2019,24,-19.17,-24.89,-12.44,-24.81,0.23,65.31,0.47,0.46,0.29
2019,25,-19.02,-24.63,-14.15,-22.93,3.52,70.12,0.47,0.46,0.29
2019,26,-23.04,-29.51,-14.98,-27.93,0.89,68.75,0.47,0.46,0.29
2019,27,-22.62,-29.51,-15.82,-25.18,0.51,78.12,0.47,0.46,0.29
2019,28,-22.58,-28.38,-15.96,-26.91,0.18,67.06,0.47,0.46,0.29
2019,29,-21.79,-30.02,-12.29,-27.86,0.0,61.62,0.47,0.46,0.29
2019,30,-16.59,-24.36,-7.06,-19.88,0.0,75.06,0.47,0.46,0.29
2019,31,-16.25,-21.83,-8.76,-18.37,0.03,81.38,0.47,0.46,0.29
2019,32,-16.81,-21.34,-12.98,-20.22,0.02,74.62,0.47,0.46,0.29
2019,33,-18.92,-25.93,-9.87,-23.85,0.0,68.88,0.47,0.46,0.28
2019,34,-19.49,-27.75,-9.3,-25.06,0.0,65.38,0.47,0.46,0.28
2019,35,-16.77,-26.03,-5.42,-23.88,0.0,58.75,0.47,0.46,0.28
2019,36,-15.6,-22.42,-6.7,-20.27,0.0,70.69,0.47,0.46,0.28
2019,37,-16.12,-22.15,-9.2,-19.52,0.04,75.25,0.47,0.46,0.28
2019,38,-12.69,-17.24,-9.19,-16.76,3.26,71.75,0.47,0.46,0.28
2019,39,-17.1,-25.32,-13.89,-21.33,3.82,68.44,0.47,0.46,0.28
2019,40,-20.71,-28.08,-11.84,-26.78,0.91,59.75,0.47,0.46,0.28
2019,41,-18.39,-27.54,-8.21,-22.18,0.0,72.12,0.47,0.46,0.28
2019,42,-16.41,-23.52,-9.09,-19.14,0.0,79.88,0.47,0.46,0.28
2019,43,-17.25,-25.47,-6.96,-21.31,0.0,72.06,0.47,0.46,0.29
2019,44,-13.84,-21.37,-5.24,-16.7,0.0,80.81,0.47,0.46,0.29
2019,45,-13.97,-19.8,-7.46,-16.06,0.9,83.88,0.47,0.46,0.29
2019,46,-15.85,-21.85,-9.97,-19.35,1.06,75.38,0.47,0.46,0.29
2019,47,-18.74,-26.19,-11.31,-22.88,2.15,71.81,0.47,0.46,0.29
2019,48,-19.18,-27.81,-8.33,-22.9,0.06,74.19,0.47,0.46,0.29
2019,49,-16.02,-21.1,-10.7,-19.21,1.17,77.44,0.47,0.46,0.29
2019,50,-15.17,-21.66,-10.23,-18.92,0.98,72.69,0.47,0.46,0.29
2019,51,-17.26,-27.38,-10.24,-20.1,0.23,79.62,0.47,0.46,0.29
2019,52,-10.82,-16.58,-6.0,-14.02,1.75,80.25,0.47,0.46,0.29
2019,53,-13.99,-23.06,-9.35,-17.77,0.34,73.38,0.47,0.46,0.29
2019,54,-20.13,-28.71,-10.52,-24.03,0.01,71.38,0.47,0.46,0.29
2019,55,-16.85,-22.56,-11.16,-19.29,0.0,81.25,0.47,0.46,0.29
2019,56,-19.88,-25.82,-13.74,-22.88,0.82,77.19,0.47,0.46,0.29
2019,57,-20.95,-25.73,-15.89,-23.99,1.11,76.38,0.47,0.46,0.29
2019,58,-20.71,-28.65,-14.53,-23.1,3.58,80.75,0.47,0.46,0.29
2019,59,-24.48,-33.1,-15.23,-26.73,0.88,79.38,0.47,0.46,0.29
2019,60,-22.5,-33.53,-10.45,-24.77,0.0,78.25,0.47,0.46,0.29
2019,61,-17.06,-28.28,-6.2,-19.25,0.28,82.44,0.47,0.46,0.29
2019,62,-14.95,-23.2,-7.81,-17.02,0.69,83.38,0.47,0.46,0.29
2019,63,-18.59,-27.29,-10.09,-21.42,0.07,77.44,0.47,0.46,0.3
2019,64,-18.03,-24.55,-10.51,-20.68,0.24,78.81,0.47,0.46,0.3
2019,65,-19.06,-28.16,-9.42,-22.74,0.03,72.75,0.47,0.46,0.3
2019,66,-19.35,-30.39,-10.65,-22.92,0.05,72.69,0.47,0.46,0.3
2019,67,-17.92,-26.93,-9.86,-21.42,0.01,74.5,0.47,0.46,0.3
2019,68,-16.7,-23.77,-8.55,-20.98,0.0,71.06,0.47,0.46,0.3
2019,69,-17.65,-27.71,-6.23,-22.54,0.0,68.19,0.47,0.46,0.3
2019,70,-18.15,-27.43,-7.66,-22.71,0.09,70.25,0.47,0.46,0.31
2019,71,-15.56,-23.87,-7.19,-20.96,0.24,66.5,0.47,0.46,0.32
2019,72,-15.11,-24.35,-6.85,-18.94,0.0,75.19,0.47,0.46,0.32
2019,73,-15.21,-23.55,-7.45,-18.67,0.44,75.25,0.47,0.46,0.32
2019,74,-14.26,-18.88,-9.62,-18.52,0.54,71.25,0.47,0.46,0.32
2019,75,-14.09,-21.45,-5.24,-21.23,0.0,58.62,0.47,0.47,0.34
2019,76,-12.5,-20.51,-4.08,-16.37,0.0,75.19,0.47,0.47,0.37
2019,77,-12.48,-18.73,-4.43,-17.85,0.05,67.06,0.47,0.47,0.38
2019,78,-12.13,-18.7,-4.44,-17.52,0.03,68.12,0.47,0.47,0.4
2019,79,-13.5,-21.52,-5.28,-18.88,0.51,67.19,0.47,0.47,0.41
2019,80,-12.92,-20.29,-5.7,-19.19,0.03,63.69,0.47,0.47,0.41
2019,81,-13.5,-21.69,-5.42,-21.76,0.0,54.88,0.47,0.47,0.42
2019,82,-11.71,-20.92,-2.61,-19.93,0.0,58.19,0.47,0.47,0.43
2019,83,-9.31,-18.98,-1.29,-16.38,0.0,61.88,0.47,0.47,0.43
2019,84,-8.83,-15.2,-3.83,-14.63,0.24,66.56,0.47,0.47,0.43
2019,85,-9.6,-14.25,-3.58,-20.85,1.11,43.31,0.47,0.47,0.44
2019,86,-6.85,-16.21,2.33,-19.21,0.0,37.69,0.47,0.47,0.44
2019,87,-3.85,-12.14,5.21,-14.62,0.0,45.56,0.47,0.47,0.45
2019,88,-3.71,-13.08,4.76,-14.24,0.0,52.12,0.47,0.47,0.45
2019,89,-4.23,-9.22,2.3,-17.08,0.0,43.0,0.47,0.47,0.44
2019,90,-6.65,-14.02,-0.1,-20.85,0.1,39.06,0.47,0.47,0.43
2019,91,-8.41,-14.85,-2.56,-18.92,0.0,46.81,0.47,0.47,0.42
2019,92,-6.28,-14.77,1.08,-19.74,0.26,36.12,0.47,0.47,0.42
2019,93,-3.96,-12.64,4.86,-17.67,0.2,39.12,0.47,0.47,0.41
2019,94,-2.6,-9.45,4.53,-14.32,0.0,42.31,0.47,0.47,0.41
2019,95,-2.16,-7.24,4.58,-13.94,0.0,42.81,0.47,0.47,0.4
2019,96,-3.25,-6.7,0.9,-13.45,0.18,45.62,0.47,0.47,0.39
2019,97,-3.74,-6.95,1.94,-16.4,0.13,39.5,0.47,0.47,0.38
2019,98,-4.31,-10.06,1.5,-17.45,0.42,34.44,0.47,0.47,0.37
2019,99,-3.06,-9.16,3.97,-17.01,0.5,35.12,0.47,0.47,0.37
2019,100,-2.35,-7.92,5.31,-15.2,0.66,38.5,0.47,0.47,0.38
2019,101,-2.43,-7.43,5.71,-15.67,0.0,41.62,0.47,0.47,0.38
2019,102,-1.95,-6.88,5.61,-13.7,0.0,43.56,0.47,0.47,0.38
2019,103,-1.74,-6.45,5.24,-12.39,0.0,48.0,0.47,0.47,0.36
2019,104,-1.39,-6.78,6.89,-13.22,0.0,44.81,0.47,0.47,0.35
2019,105,-1.16,-6.86,6.94,-12.6,0.0,48.31,0.47,0.47,0.34
2019,106,-1.26,-6.24,6.78,-11.22,0.18,52.38,0.47,0.47,0.33
2019,107,-2.95,-8.63,3.1,-12.38,1.26,49.44,0.47,0.47,0.34
2019,108,-4.71,-9.2,1.07,-14.04,1.41,48.19,0.47,0.47,0.34
2019,109,-3.12,-7.36,1.26,-12.65,0.13,49.12,0.47,0.47,0.36
2019,110,-3.14,-7.15,0.91,-12.8,0.0,48.62,0.47,0.47,0.36
2019,111,-2.05,-7.4,4.31,-13.71,0.47,44.06,0.47,0.47,0.37
2019,112,-1.45,-6.64,4.46,-12.83,0.27,43.5,0.47,0.47,0.38
2019,113,-0.18,-7.06,8.01,-16.22,0.0,32.81,0.47,0.47,0.38
2019,114,-0.17,-7.42,9.09,-14.09,0.0,41.75,0.47,0.47,0.36
2019,115,-1.18,-7.02,6.94,-11.93,0.14,50.81,0.47,0.47,0.35
2019,116,-1.42,-7.13,6.3,-13.0,0.04,45.44,0.47,0.47,0.34
2019,117,-1.87,-8.28,6.7,-20.27,0.0,29.31,0.47,0.46,0.33
2019,118,-1.2,-7.85,7.51,-20.35,0.0,26.31,0.47,0.46,0.31
2019,119,-1.11,-8.37,7.88,-19.99,0.0,31.06,0.47,0.46,0.3
2019,120,-2.35,-8.04,4.92,-13.01,0.0,49.25,0.47,0.46,0.3
2019,121,-2.58,-7.18,2.66,-10.55,0.04,57.81,0.47,0.46,0.29
2019,122,-2.32,-6.87,5.33,-14.38,0.21,43.25,0.47,0.46,0.29
2019,123,-2.42,-6.98,4.51,-14.31,0.23,43.5,0.47,0.46,0.3
2019,124,-2.18,-6.99,5.19,-18.42,0.03,34.5,0.47,0.46,0.29
2019,125,-3.13,-8.04,3.86,-18.62,0.0,33.56,0.47,0.46,0.28
2019,126,-3.4,-8.71,4.23,-20.74,0.0,29.56,0.46,0.46,0.28
2019,127,-1.92,-7.51,5.5,-18.16,0.0,29.75,0.46,0.46,0.27
2019,128,-2.23,-7.9,5.41,-17.85,0.0,34.56,0.46,0.46,0.27
2019,129,-0.79,-7.95,7.63,-18.8,0.0,29.06,0.46,0.46,0.26
2019,130,-0.06,-5.85,7.71,-13.89,0.0,39.88,0.46,0.46,0.26
2019,131,-0.97,-5.63,6.19,-12.6,0.0,45.44,0.46,0.46,0.25
2019,132,-1.58,-6.31,4.21,-10.45,0.0,55.19,0.46,0.46,0.25
2019,133,-0.25,-7.31,7.55,-13.94,0.01,39.44,0.46,0.46,0.24
2019,134,-0.31,-4.92,6.96,-11.19,0.83,48.56,0.46,0.46,0.25
2019,135,-0.67,-7.49,7.58,-13.11,0.1,45.56,0.46,0.46,0.27
2019,136,-0.12,-6.92,8.23,-12.53,0.17,45.5,0.46,0.46,0.27
2019,137,0.34,-5.51,7.74,-9.01,0.28,54.81,0.46,0.46,0.27
2019,138,0.05,-6.4,7.95,-13.27,0.07,42.88,0.46,0.46,0.27
2019,139,0.36,-7.27,8.79,-11.89,0.01,45.75,0.46,0.46,0.27
2019,140,1.0,-7.44,9.69,-13.74,0.0,39.31,0.46,0.46,0.26
2019,141,0.32,-7.57,9.26,-13.12,0.0,44.12,0.46,0.46,0.25
2019,142,1.31,-6.56,10.13,-12.31,0.0,44.0,0.46,0.46,0.24
2019,143,1.01,-6.33,8.37,-8.53,0.04,55.69,0.46,0.46,0.24
2019,144,1.13,-5.35,9.29,-9.17,0.09,53.88,0.46,0.46,0.24
2019,145,0.84,-4.92,8.44,-13.73,0.71,40.94,0.46,0.46,0.24
2019,146,0.51,-7.36,9.36,-15.83,0.18,38.62,0.46,0.46,0.25
2019,147,0.01,-7.21,8.41,-16.35,0.0,39.25,0.46,0.46,0.25
2019,148,0.12,-7.24,8.39,-15.02,0.0,39.12,0.46,0.46,0.25
2019,149,0.97,-7.12,9.13,-16.43,0.0,29.06,0.46,0.46,0.24
2019,150,0.85,-5.9,8.34,-19.6,0.0,20.38,0.46,0.46,0.23
2019,151,2.25,-5.3,9.44,-18.33,0.0,23.12,0.46,0.46,0.23
2019,152,2.04,-6.26,9.23,-8.92,0.13,49.94,0.46,0.46,0.23
2019,153,2.99,-4.85,11.0,-9.29,0.27,45.44,0.46,0.46,0.23
2019,154,3.03,-5.9,12.45,-11.46,0.02,43.06,0.46,0.46,0.23
2019,155,2.67,-6.17,11.38,-11.18,0.03,44.81,0.46,0.46,0.23
2019,156,2.11,-6.77,11.66,-15.9,0.0,36.31,0.46,0.46,0.22
2019,157,1.48,-6.92,10.67,-13.55,0.13,36.94,0.46,0.46,0.22
2019,158,1.95,-5.6,10.37,-14.22,0.4,38.06,0.46,0.46,0.22
2019,159,2.28,-6.87,11.77,-13.49,0.08,40.75,0.46,0.46,0.23
2019,160,2.19,-5.89,10.58,-11.83,0.02,43.56,0.46,0.46,0.22
2019,161,3.13,-5.76,12.59,-15.38,0.0,29.88,0.46,0.46,0.22
2019,162,2.98,-6.36,12.04,-13.38,0.01,36.62,0.46,0.46,0.21
2019,163,3.28,-5.03,12.46,-9.34,0.15,45.75,0.46,0.46,0.21
2019,164,2.31,-6.9,11.98,-13.6,0.03,40.62,0.46,0.46,0.21
2019,165,3.49,-5.66,13.35,-13.55,0.0,37.94,0.46,0.46,0.2
2019,166,2.38,-7.32,12.07,-15.26,0.0,36.5,0.46,0.46,0.2
2019,167,2.93,-6.23,11.8,-12.17,0.0,40.12,0.46,0.46,0.2
2019,168,2.76,-3.33,10.01,-8.42,0.01,47.62,0.46,0.46,0.2
2019,169,2.2,-3.72,9.62,-8.94,0.77,49.81,0.46,0.46,0.21
2019,170,3.15,-4.24,11.95,-10.35,0.03,44.94,0.46,0.46,0.22
2019,171,3.76,-4.2,11.4,-7.24,0.04,50.5,0.46,0.46,0.22
2019,172,5.01,-3.31,13.67,-7.13,0.05,50.12,0.46,0.46,0.21
2019,173,4.7,-3.95,13.77,-8.38,0.06,47.38,0.46,0.46,0.21
2019,174,5.23,-5.11,15.83,-7.16,0.54,50.31,0.46,0.46,0.21
2019,175,5.45,-3.81,14.93,-2.43,0.75,63.06,0.46,0.46,0.23
2019,176,6.71,-2.7,15.85,-2.79,0.25,58.31,0.46,0.46,0.25
2019,177,5.83,-2.02,14.87,-7.49,0.02,46.75,0.46,0.46,0.25
2019,178,4.3,-4.35,13.4,-8.63,0.0,45.38,0.46,0.46,0.24
2019,179,4.78,-3.68,14.57,-10.96,0.0,40.0,0.46,0.46,0.23
2019,180,5.55,-4.98,15.73,-12.31,0.0,32.25,0.46,0.46,0.23
2019,181,6.84,-2.81,16.72,-7.7,0.04,45.12,0.46,0.46,0.22
2019,182,6.55,-3.76,16.27,-6.06,0.13,48.75,0.46,0.46,0.22
2019,183,6.69,-3.63,16.83,-8.95,0.09,42.38,0.46,0.46,0.22
2019,184,8.26,-1.48,16.87,-5.2,0.32,42.88,0.46,0.46,0.22
2019,185,8.94,0.44,17.17,-0.76,0.24,56.56,0.46,0.46,0.22
2019,186,8.78,0.76,17.06,-2.3,0.4,52.69,0.46,0.46,0.23
2019,187,9.12,0.44,18.37,-3.05,0.76,48.94,0.46,0.46,0.25
2019,188,9.02,0.92,16.68,-2.19,6.22,49.94,0.47,0.46,0.29
2019,189,8.5,1.25,16.5,0.93,3.09,63.88,0.48,0.48,0.48
2019,190,9.5,2.26,17.25,0.65,0.79,59.19,0.48,0.48,0.47
2019,191,9.94,2.18,17.8,0.58,0.29,58.12,0.48,0.48,0.45
2019,192,10.16,2.93,18.33,0.65,0.39,58.0,0.48,0.47,0.44
2019,193,8.96,1.69,16.69,-0.61,0.26,56.62,0.47,0.47,0.42
2019,194,7.6,1.15,14.85,-1.35,6.35,57.94,0.48,0.48,0.47
2019,195,6.34,0.12,13.42,-0.99,8.57,65.12,0.48,0.48,0.52
2019,196,4.22,-0.63,10.65,-1.35,11.35,70.25,0.5,0.5,0.53
2019,197,2.94,-0.68,8.41,-2.5,5.05,70.0,0.51,0.52,0.52
2019,198,3.08,-2.82,9.02,-3.0,0.82,67.5,0.52,0.52,0.5
2019,199,5.26,-2.64,13.01,-2.24,0.12,63.81,0.52,0.52,0.48
2019,200,6.3,-1.31,13.16,-1.02,0.02,64.62,0.51,0.52,0.48
2019,201,6.13,-0.9,12.9,-1.06,0.0,64.88,0.51,0.52,0.48
2019,202,6.56,-0.31,13.05,-2.6,0.86,57.06,0.51,0.51,0.48
2019,203,7.83,0.36,14.56,-1.42,1.87,55.94,0.51,0.51,0.48
2019,204,7.37,0.07,14.55,-3.26,0.2,50.44,0.51,0.51,0.48
2019,205,7.32,-3.16,16.78,-9.31,0.0,35.25,0.51,0.51,0.48
2019,206,9.24,-1.22,18.08,-6.85,0.78,36.5,0.51,0.51,0.48
2019,207,7.15,2.25,11.81,1.26,5.98,69.19,0.51,0.51,0.5
2019,208,8.3,1.13,15.9,1.37,4.72,66.94,0.52,0.52,0.52
2019,209,8.94,2.65,17.21,2.11,0.74,67.19,0.52,0.52,0.49
2019,210,10.41,3.75,17.64,2.78,4.64,64.5,0.52,0.52,0.51
2019,211,10.65,3.92,17.73,3.4,2.82,65.56,0.52,0.53,0.51
2019,212,10.09,2.34,17.21,0.11,0.51,55.12,0.52,0.52,0.49
2019,213,8.69,2.26,15.71,0.96,7.74,61.94,0.52,0.53,0.52
2019,214,8.23,2.89,15.36,1.71,4.06,67.69,0.53,0.54,0.52
2019,215,6.46,0.36,13.68,0.52,0.35,69.88,0.54,0.54,0.51
2019,216,9.23,0.77,16.96,0.06,0.29,58.81,0.53,0.54,0.5
2019,217,9.52,1.87,17.07,0.35,2.97,58.12,0.53,0.54,0.51
2019,218,8.05,0.17,15.99,0.11,2.69,62.31,0.53,0.54,0.51
2019,219,4.24,-0.16,9.41,-0.49,9.98,73.5,0.54,0.55,0.55
2019,220,4.94,-0.07,10.68,-2.43,1.32,62.12,0.55,0.55,0.53
2019,221,5.69,0.02,11.94,-0.21,0.11,67.81,0.55,0.55,0.52
2019,222,7.59,0.78,15.62,1.62,4.15,70.69,0.55,0.55,0.53
2019,223,8.3,1.67,15.23,1.87,4.41,68.44,0.55,0.56,0.55
2019,224,9.45,1.33,16.54,1.44,4.47,62.25,0.56,0.57,0.55
2019,225,7.12,2.03,14.75,1.75,5.29,72.12,0.57,0.58,0.56
2019,226,6.01,1.3,12.51,1.76,1.06,76.62,0.57,0.58,0.55
2019,227,8.11,0.5,16.48,1.71,0.22,69.31,0.57,0.58,0.54
2019,228,7.62,1.72,15.62,1.41,0.53,69.69,0.57,0.57,0.54
2019,229,7.79,0.33,16.32,-0.02,0.51,64.38,0.56,0.57,0.53
2019,230,6.15,-1.18,14.84,-0.52,0.49,67.44,0.56,0.57,0.53
2019,231,5.24,-2.27,13.73,-2.81,0.39,61.75,0.56,0.57,0.53
2019,232,4.97,-4.84,14.87,-5.5,0.01,55.62,0.56,0.56,0.52
2019,233,5.18,-3.67,14.3,-4.7,0.08,56.81,0.55,0.56,0.52
2019,234,5.51,-1.88,13.99,-1.02,0.45,67.12,0.55,0.56,0.52
2019,235,7.08,-2.33,16.26,-2.17,0.01,59.94,0.55,0.56,0.52
2019,236,8.34,0.34,17.37,0.39,0.01,63.62,0.55,0.55,0.52
2019,237,8.54,2.31,15.83,0.94,0.22,63.94,0.55,0.55,0.52
2019,238,6.89,0.74,14.0,1.08,0.55,70.56,0.55,0.55,0.52
2019,239,7.5,0.53,15.66,0.26,1.31,65.56,0.55,0.55,0.52
2019,240,7.56,-0.44,15.95,0.01,0.46,64.81,0.55,0.55,0.52
2019,241,8.48,0.04,16.01,-0.67,0.05,57.94,0.55,0.55,0.51
2019,242,8.4,2.24,15.8,-0.06,0.11,58.88,0.54,0.55,0.51
2019,243,7.48,2.15,14.33,1.29,0.2,68.75,0.54,0.55,0.51
2019,244,8.08,-0.02,16.26,-0.23,0.22,61.94,0.54,0.55,0.5
2019,245,7.98,1.3,15.05,0.7,0.36,64.06,0.54,0.54,0.5
2019,246,8.28,1.47,16.05,0.48,0.05,63.19,0.54,0.54,0.5
2019,247,8.28,0.4,17.65,-1.27,0.01,58.81,0.53,0.54,0.49
2019,248,7.73,-0.92,17.58,-1.76,0.13,59.62,0.53,0.53,0.49
2019,249,7.0,-0.8,16.29,-4.06,0.07,55.69,0.53,0.53,0.49
2019,250,5.96,-2.74,15.98,-5.05,0.07,53.31,0.53,0.53,0.49
2019,251,4.05,-6.12,15.08,-10.77,0.19,44.12,0.52,0.53,0.49
2019,252,4.32,-6.07,15.4,-10.88,0.0,43.06,0.52,0.52,0.48
2019,253,5.27,-3.38,16.26,-11.59,0.0,33.12,0.52,0.52,0.48
2019,254,4.33,-5.56,15.33,-11.42,0.0,42.0,0.52,0.52,0.48
2019,255,4.19,-4.94,15.19,-8.96,0.01,49.25,0.52,0.52,0.48
2019,256,3.83,-5.49,14.8,-7.89,0.05,53.19,0.52,0.52,0.48
2019,257,3.63,-5.02,14.44,-6.88,0.48,55.19,0.52,0.52,0.48
2019,258,3.72,-4.24,14.01,-6.33,0.2,54.38,0.52,0.52,0.48
2019,259,2.36,-6.38,12.79,-10.23,0.15,51.12,0.51,0.52,0.48
2019,260,0.48,-6.65,10.32,-10.62,0.06,54.19,0.51,0.52,0.48
2019,261,-0.24,-6.55,8.16,-10.95,0.28,49.94,0.51,0.51,0.48
2019,262,0.43,-7.66,9.06,-15.85,0.06,31.31,0.51,0.51,0.48
2019,263,2.05,-5.02,9.94,-9.66,0.08,46.06,0.51,0.51,0.48
2019,264,1.53,-4.16,8.04,-5.38,0.08,65.0,0.51,0.51,0.48
2019,265,1.3,-5.27,8.3,-6.99,1.01,58.06,0.51,0.51,0.48
2019,266,0.46,-7.4,8.73,-15.52,0.0,32.06,0.51,0.51,0.48
2019,267,2.33,-4.37,10.9,-16.48,0.0,24.06,0.5,0.51,0.48
2019,268,3.9,-2.93,12.66,-14.66,0.0,26.12,0.5,0.5,0.48
2019,269,2.84,-3.11,9.43,-4.9,0.22,62.12,0.5,0.5,0.48
2019,270,2.91,-2.21,9.15,-4.36,3.42,64.38,0.5,0.5,0.49
2019,271,1.8,-2.52,7.4,-3.01,3.1,73.5,0.51,0.51,0.5
2019,272,1.3,-4.42,8.75,-4.84,0.52,67.88,0.51,0.51,0.48
2019,273,0.35,-5.52,8.55,-6.52,0.92,65.88,0.51,0.51,0.48
2019,274,-0.07,-6.26,8.32,-7.07,0.21,65.25,0.51,0.51,0.48
2019,275,-0.45,-5.95,7.12,-8.44,0.01,60.88,0.51,0.51,0.48
2019,276,-0.44,-5.24,6.51,-8.8,0.4,57.5,0.51,0.51,0.48
2019,277,-0.71,-5.7,7.13,-8.38,0.11,61.88,0.51,0.51,0.48
2019,278,-1.75,-7.28,6.37,-10.46,0.0,57.06,0.51,0.51,0.48
2019,279,-1.21,-7.31,7.76,-11.33,0.0,54.38,0.51,0.51,0.48
2019,280,-1.27,-6.16,5.62,-8.98,0.0,60.75,0.5,0.51,0.48
2019,281,-2.24,-6.62,5.12,-12.1,0.0,54.12,0.5,0.51,0.48
2019,282,-2.66,-6.9,4.23,-12.8,0.0,51.75,0.5,0.5,0.48
2019,283,-3.05,-6.97,4.46,-13.67,0.0,48.0,0.5,0.5,0.48
2019,284,-2.45,-6.39,5.16,-15.68,0.0,39.19,0.5,0.5,0.48
2019,285,-2.97,-7.36,4.05,-14.77,0.0,44.56,0.5,0.5,0.48
2019,286,-2.72,-8.12,4.9,-15.23,0.0,41.88,0.5,0.5,0.48
2019,287,-2.83,-7.59,3.53,-14.38,0.0,42.5,0.5,0.5,0.48
2019,288,-1.99,-6.78,4.18,-12.17,0.0,49.62,0.5,0.5,0.48
2019,289,-2.27,-6.02,2.77,-14.71,0.0,39.25,0.49,0.5,0.47
2019,290,-2.54,-6.64,4.37,-13.42,0.0,47.31,0.49,0.49,0.47
2019,291,-3.94,-8.76,2.5,-15.63,0.0,44.62,0.49,0.49,0.47
2019,292,-4.6,-11.05,2.3,-14.02,0.0,54.19,0.49,0.49,0.47
2019,293,-5.26,-11.49,1.28,-14.6,0.0,53.75,0.49,0.49,0.47
2019,294,-5.75,-12.28,0.71,-17.18,0.0,46.69,0.49,0.49,0.47
2019,295,-5.51,-13.97,2.9,-19.71,0.0,41.31,0.49,0.49,0.47
2019,296,-5.92,-12.93,1.03,-17.79,0.0,44.62,0.49,0.49,0.47
2019,297,-7.02,-14.3,0.27,-17.99,0.0,48.31,0.49,0.49,0.47
2019,298,-6.99,-14.43,0.2,-18.37,0.0,47.62,0.49,0.49,0.46
2019,299,-7.43,-14.48,0.03,-17.6,0.0,50.62,0.49,0.49,0.46
2019,300,-6.04,-14.1,2.4,-18.53,0.0,42.81,0.48,0.49,0.46
2019,301,-4.96,-12.81,3.62,-17.87,0.0,39.19,0.48,0.48,0.46
2019,302,-4.91,-12.35,3.26,-17.3,0.0,41.5,0.48,0.48,0.46
2019,303,-4.8,-10.61,1.79,-16.7,0.0,42.81,0.48,0.48,0.46
2019,304,-6.4,-13.28,-0.89,-14.28,0.0,57.88,0.48,0.48,0.46
2019,305,-5.06,-11.6,2.0,-16.51,0.0,44.62,0.48,0.48,0.46
2019,306,-5.53,-12.52,2.02,-14.74,0.0,53.38,0.48,0.48,0.45
2019,307,-6.31,-12.34,0.27,-13.04,0.01,63.56,0.48,0.48,0.45
2019,308,-7.93,-13.77,-1.14,-16.81,0.0,55.56,0.48,0.48,0.45
2019,309,-8.62,-16.47,-0.13,-19.67,0.0,49.38,0.48,0.48,0.45
2019,310,-8.22,-15.67,0.9,-20.17,0.0,44.0,0.48,0.48,0.45
2019,311,-8.6,-16.37,-1.56,-13.59,0.14,71.38,0.48,0.48,0.45
2019,312,-7.94,-12.87,-2.16,-13.68,0.01,68.44,0.48,0.48,0.45
2019,313,-8.85,-15.92,-0.49,-18.38,0.0,54.44,0.48,0.48,0.45
2019,314,-9.59,-16.92,-0.87,-21.15,0.0,48.94,0.48,0.48,0.45
2019,315,-8.63,-16.45,-0.3,-18.29,0.0,49.62,0.48,0.48,0.45
2019,316,-6.92,-13.64,0.99,-18.24,0.0,48.38,0.48,0.48,0.45
2019,317,-6.15,-14.2,2.15,-19.44,0.0,36.88,0.48,0.48,0.44
2019,318,-6.52,-10.23,-1.85,-13.04,0.15,60.81,0.48,0.48,0.44
2019,319,-7.45,-12.99,-0.63,-14.74,0.0,61.81,0.48,0.48,0.44
2019,320,-8.11,-13.93,-0.89,-15.88,0.0,58.56,0.48,0.48,0.44
2019,321,-9.3,-15.63,-1.01,-17.93,0.0,55.0,0.48,0.48,0.44
2019,322,-10.24,-17.57,-1.19,-22.87,0.0,40.88,0.48,0.48,0.43
2019,323,-10.49,-17.85,-1.56,-23.44,0.0,38.25,0.48,0.48,0.43
2019,324,-9.37,-16.45,-0.76,-20.41,0.0,41.38,0.48,0.48,0.43
2019,325,-7.63,-15.64,1.81,-16.42,0.0,55.0,0.48,0.48,0.43
2019,326,-7.38,-14.21,0.76,-12.42,0.01,71.81,0.48,0.48,0.42
2019,327,-7.56,-12.16,-1.05,-11.54,0.01,76.75,0.48,0.48,0.42
2019,328,-9.98,-17.0,-0.44,-19.76,0.0,57.88,0.48,0.48,0.42
2019,329,-11.41,-17.41,-3.17,-19.39,0.01,60.31,0.48,0.48,0.42
2019,330,-12.85,-19.76,-6.9,-17.06,0.12,73.19,0.48,0.48,0.42
2019,331,-10.87,-14.21,-5.31,-16.03,2.0,70.0,0.48,0.48,0.42
2019,332,-11.53,-16.17,-5.63,-16.67,5.54,67.81,0.48,0.48,0.42
2019,333,-16.6,-22.68,-8.87,-21.35,1.14,68.06,0.48,0.48,0.42
2019,334,-18.13,-25.7,-8.35,-24.89,0.0,60.25,0.48,0.48,0.42
2019,335,-17.0,-24.95,-8.89,-22.49,0.0,64.62,0.48,0.48,0.42
2019,336,-17.61,-22.67,-11.07,-21.98,0.0,69.56,0.48,0.48,0.42
2019,337,-16.77,-23.42,-9.33,-26.45,0.0,46.75,0.48,0.48,0.42
2019,338,-13.88,-20.78,-3.85,-25.91,0.0,33.81,0.48,0.48,0.42
2019,339,-14.54,-21.78,-3.37,-23.08,0.0,51.12,0.48,0.48,0.42
2019,340,-14.84,-22.81,-4.12,-24.49,0.0,47.19,0.48,0.48,0.42
2019,341,-14.46,-21.78,-4.63,-24.38,0.0,44.69,0.48,0.48,0.42
2019,342,-14.58,-22.52,-4.48,-26.29,0.0,36.75,0.48,0.48,0.42
2019,343,-13.2,-21.32,-2.8,-23.48,0.0,41.62,0.48,0.48,0.42
2019,344,-13.2,-19.32,-4.63,-18.25,0.0,68.0,0.48,0.48,0.41
2019,345,-14.99,-21.46,-7.69,-20.28,0.0,66.69,0.48,0.48,0.41
2019,346,-14.2,-18.02,-9.07,-17.42,1.18,78.06,0.48,0.48,0.41
2019,347,-14.2,-16.95,-10.26,-17.6,9.2,76.56,0.48,0.48,0.41
2019,348,-19.38,-29.41,-14.42,-21.95,4.74,78.56,0.48,0.48,0.41
2019,349,-23.52,-30.63,-14.18,-24.22,1.69,89.75,0.48,0.48,0.41
2019,350,-26.52,-35.79,-13.91,-28.14,0.0,81.38,0.48,0.48,0.41
2019,351,-25.56,-33.34,-13.24,-28.99,0.0,71.94,0.48,0.48,0.41
2019,352,-20.07,-29.99,-7.51,-24.13,0.0,70.69,0.48,0.48,0.41
2019,353,-15.67,-23.71,-7.95,-16.77,0.0,90.56,0.48,0.48,0.41
2019,354,-15.38,-22.38,-8.3,-17.79,0.02,83.0,0.48,0.48,0.41
2019,355,-18.54,-30.56,-11.96,-20.71,0.07,82.12,0.48,0.48,0.41
2019,356,-24.1,-32.39,-11.41,-26.4,0.0,79.5,0.48,0.48,0.41
2019,357,-22.97,-30.2,-10.4,-26.37,0.0,74.62,0.48,0.48,0.41
2019,358,-24.26,-32.25,-12.7,-27.35,0.0,77.38,0.48,0.48,0.41
2019,359,-24.41,-30.85,-13.85,-27.7,0.0,74.25,0.48,0.47,0.41
2019,360,-24.26,-30.74,-16.53,-27.92,0.0,70.31,0.48,0.47,0.41
2019,361,-21.33,-28.86,-12.76,-29.15,0.0,48.5,0.48,0.47,0.41
2019,362,-19.85,-26.83,-8.75,-26.53,0.0,54.44,0.48,0.47,0.41
2019,363,-20.02,-27.21,-8.16,-26.26,0.0,58.62,0.48,0.47,0.41
2019,364,-20.48,-27.77,-8.21,-24.04,0.0,75.94,0.48,0.47,0.41
2019,365,-23.87,-30.85,-14.63,-26.2,0.0,80.19,0.48,0.47,0.41
2020,1,-23.65,-32.05,-14.94,-25.65,0.0,82.69,0.48,0.47,0.41
2020,2,-19.52,-25.04,-14.31,-21.43,0.19,84.81,0.48,0.47,0.41
2020,3,-18.63,-21.69,-13.6,-21.72,0.03,76.38,0.48,0.47,0.41
2020,4,-21.39,-26.1,-16.44,-24.42,0.09,76.0,0.48,0.47,0.41
2020,5,-22.89,-27.62,-15.16,-27.83,0.06,65.62,0.47,0.47,0.41
2020,6,-17.79,-27.29,-8.52,-19.58,0.4,86.69,0.47,0.47,0.41
2020,7,-15.01,-20.67,-9.63,-16.94,0.86,84.94,0.47,0.47,0.41
2020,8,-15.72,-18.73,-12.52,-18.84,2.1,76.62,0.47,0.47,0.41
2020,9,-22.36,-30.64,-16.26,-25.82,3.02,73.31,0.47,0.47,0.41
2020,10,-23.58,-30.78,-12.1,-29.69,0.0,57.75,0.47,0.47,0.41
2020,11,-21.4,-31.15,-8.68,-26.15,0.04,65.0,0.47,0.47,0.41
2020,12,-16.77,-24.4,-6.45,-17.38,0.0,90.69,0.47,0.47,0.41
2020,13,-14.73,-24.54,-8.19,-16.56,0.51,85.56,0.47,0.47,0.41
2020,14,-15.52,-26.81,-10.56,-18.2,1.52,80.06,0.47,0.47,0.41
2020,15,-20.63,-28.78,-12.5,-21.99,0.08,85.62,0.47,0.47,0.41
2020,16,-18.57,-25.45,-11.39,-20.06,1.63,87.56,0.47,0.47,0.41
2020,17,-19.23,-28.18,-11.6,-21.27,2.46,83.75,0.47,0.47,0.41
2020,18,-23.79,-31.96,-16.24,-24.8,0.92,89.0,0.47,0.47,0.41
2020,19,-25.52,-34.33,-17.17,-27.23,0.02,84.25,0.47,0.47,0.41
2020,20,-25.1,-35.42,-13.94,-26.19,0.0,87.62,0.47,0.47,0.41
2020,21,-19.52,-27.23,-13.04,-21.31,0.0,86.06,0.47,0.47,0.41
2020,22,-22.13,-29.99,-13.99,-24.21,0.0,83.12,0.47,0.47,0.41
2020,23,-27.34,-35.19,-16.27,-30.04,0.0,76.06,0.47,0.47,0.41
2020,24,-24.06,-33.22,-11.1,-28.52,0.0,68.31,0.47,0.47,0.4
2020,25,-21.7,-30.38,-11.18,-23.34,0.0,85.31,0.47,0.47,0.4
2020,26,-22.76,-30.24,-11.31,-24.56,0.0,83.19,0.47,0.47,0.4
2020,27,-22.22,-33.31,-12.11,-24.56,0.39,82.12,0.47,0.47,0.4
2020,28,-16.92,-20.94,-11.28,-19.02,0.94,84.44,0.47,0.47,0.4
2020,29,-17.87,-23.9,-12.74,-19.7,1.76,85.69,0.47,0.47,0.4
2020,30,-24.32,-31.86,-15.29,-26.2,0.06,81.5,0.47,0.47,0.4
2020,31,-24.1,-31.98,-11.78,-26.18,0.0,80.12,0.47,0.47,0.4
2020,32,-25.35,-33.04,-18.09,-27.19,0.09,80.56,0.47,0.47,0.4
2020,33,-23.7,-30.81,-12.74,-26.71,0.0,76.81,0.47,0.47,0.4
2020,34,-23.18,-31.77,-10.33,-26.36,0.0,74.44,0.47,0.47,0.4
2020,35,-24.45,-33.81,-12.83,-27.26,0.0,76.44,0.47,0.47,0.4
2020,36,-24.1,-32.68,-12.44,-25.85,0.0,81.38,0.47,0.47,0.4
2020,37,-23.06,-32.45,-13.36,-25.84,0.0,77.25,0.47,0.47,0.4
2020,38,-23.32,-31.28,-17.41,-26.07,0.0,75.62,0.47,0.47,0.4
2020,39,-21.74,-27.76,-14.93,-27.86,0.1,59.19,0.47,0.47,0.4
2020,40,-20.31,-28.69,-7.98,-28.28,0.0,50.0,0.47,0.47,0.4
2020,41,-19.7,-28.11,-7.37,-25.17,0.0,67.06,0.47,0.47,0.4
2020,42,-17.14,-26.56,-4.89,-22.74,0.0,64.62,0.47,0.47,0.4
2020,43,-14.58,-23.06,-3.45,-16.6,0.0,82.81,0.47,0.47,0.41
2020,44,-13.99,-21.17,-4.1,-15.52,0.0,82.94,0.47,0.47,0.41
2020,45,-15.79,-22.98,-5.65,-20.18,0.0,71.5,0.47,0.47,0.41
2020,46,-16.1,-24.03,-4.06,-23.56,0.0,57.31,0.47,0.47,0.41
2020,47,-15.86,-23.56,-5.69,-22.71,0.0,58.0,0.47,0.47,0.41
2020,48,-16.74,-24.53,-6.81,-23.02,0.0,61.94,0.47,0.47,0.41
2020,49,-15.17,-23.42,-4.82,-23.17,0.0,53.75,0.47,0.47,0.41
2020,50,-14.99,-22.53,-7.02,-19.72,0.0,69.38,0.47,0.47,0.41
2020,51,-14.08,-20.13,-6.95,-18.43,0.31,72.5,0.47,0.47,0.41
2020,52,-14.4,-22.06,-8.35,-16.59,2.44,82.75,0.47,0.47,0.41
2020,53,-13.27,-20.28,-6.06,-17.49,1.49,73.81,0.47,0.47,0.42
2020,54,-15.95,-21.75,-9.52,-17.54,42.73,85.38,0.48,0.47,0.42
2020,55,-17.81,-25.91,-8.99,-18.93,1.67,87.38,0.48,0.47,0.42
2020,56,-19.27,-26.63,-10.15,-20.23,0.22,88.81,0.48,0.47,0.42
2020,57,-18.9,-26.53,-11.77,-21.33,0.38,79.75,0.48,0.47,0.43
2020,58,-16.07,-24.28,-6.06,-22.34,0.0,57.81,0.48,0.48,0.43
2020,59,-18.02,-26.27,-7.43,-18.77,0.0,89.5,0.48,0.48,0.43
2020,60,-17.78,-26.81,-7.71,-19.13,0.29,86.44,0.48,0.48,0.43
2020,61,-18.7,-26.85,-9.03,-19.71,0.05,89.5,0.48,0.48,0.43
2020,62,-19.59,-29.04,-8.49,-20.84,0.03,86.88,0.48,0.48,0.43
2020,63,-20.16,-29.12,-8.52,-21.0,0.03,87.06,0.48,0.48,0.43
2020,64,-20.52,-29.93,-8.67,-21.72,0.0,85.75,0.48,0.48,0.43
2020,65,-20.07,-31.4,-9.67,-21.18,0.23,88.94,0.48,0.48,0.43
2020,66,-19.02,-27.37,-10.19,-20.06,0.91,90.38,0.48,0.48,0.43
2020,67,-16.82,-22.73,-10.79,-18.37,3.82,88.88,0.48,0.48,0.43
2020,68,-21.02,-30.24,-10.06,-22.67,0.03,85.38,0.48,0.48,0.43
2020,69,-19.99,-29.95,-7.42,-22.26,0.0,81.62,0.48,0.48,0.43
2020,70,-21.16,-31.88,-9.12,-23.44,0.0,80.31,0.48,0.48,0.43
2020,71,-17.63,-30.81,-8.79,-18.88,0.51,88.06,0.48,0.48,0.43
2020,72,-15.88,-24.24,-8.95,-17.82,2.61,86.56,0.48,0.48,0.43
2020,73,-18.03,-26.13,-9.35,-19.57,0.86,88.25,0.48,0.48,0.43
2020,74,-17.14,-25.13,-10.67,-18.93,4.15,86.5,0.48,0.48,0.43
2020,75,-19.56,-28.75,-10.93,-21.38,3.14,83.38,0.48,0.48,0.44
2020,76,-18.31,-28.0,-6.4,-20.61,0.29,80.31,0.48,0.48,0.44
2020,77,-17.25,-27.26,-5.18,-19.61,0.0,82.0,0.48,0.48,0.45
2020,78,-17.31,-27.41,-7.1,-18.73,0.0,85.94,0.48,0.48,0.45
2020,79,-16.42,-23.63,-8.57,-17.81,0.1,87.06,0.48,0.48,0.45
2020,80,-16.72,-24.76,-8.18,-18.6,0.01,84.06,0.48,0.48,0.46
2020,81,-15.3,-23.33,-5.77,-17.25,0.92,83.56,0.48,0.48,0.46
2020,82,-14.4,-21.81,-6.57,-16.26,1.03,85.44,0.48,0.48,0.46
2020,83,-14.28,-23.21,-4.46,-19.1,0.11,69.0,0.48,0.48,0.47
2020,84,-12.36,-24.44,-2.87,-16.2,0.05,75.81,0.48,0.48,0.46
2020,85,-12.63,-20.51,-4.7,-16.52,0.02,75.12,0.48,0.48,0.46
2020,86,-13.35,-25.31,-3.19,-16.56,0.03,78.5,0.48,0.48,0.46
2020,87,-10.1,-20.55,-2.63,-12.43,1.13,84.19,0.48,0.48,0.46
2020,88,-12.92,-21.9,-6.6,-16.64,0.49,75.94,0.48,0.48,0.46
2020,89,-15.52,-24.94,-7.82,-18.59,0.24,77.62,0.48,0.48,0.46
2020,90,-13.39,-25.03,-3.19,-17.69,0.0,73.5,0.48,0.48,0.46
2020,91,-11.14,-21.78,-1.95,-14.11,0.02,80.94,0.48,0.48,0.47
2020,92,-11.03,-17.35,-5.5,-14.83,0.04,76.12,0.48,0.48,0.47
2020,93,-14.15,-21.92,-8.03,-17.4,0.0,79.56,0.48,0.48,0.47
2020,94,-13.56,-21.99,-4.34,-18.86,0.0,69.12,0.48,0.48,0.47
2020,95,-13.32,-20.46,-5.21,-18.1,0.0,69.75,0.48,0.48,0.47
2020,96,-12.4,-21.64,-3.41,-17.35,0.0,71.62,0.48,0.48,0.48
2020,97,-12.68,-21.67,-4.83,-17.41,0.0,71.06,0.48,0.48,0.47
2020,98,-12.31,-19.98,-3.87,-15.99,0.0,76.88,0.48,0.48,0.48
2020,99,-12.99,-22.82,-6.02,-16.17,0.08,79.19,0.48,0.48,0.47
2020,100,-10.87,-20.17,-1.32,-16.58,0.14,67.75,0.48,0.48,0.48
2020,101,-10.62,-20.22,-2.56,-14.81,0.03,72.62,0.48,0.48,0.48
2020,102,-7.41,-16.17,-0.12,-16.24,0.12,51.44,0.49,0.49,0.5
2020,103,-4.85,-11.13,3.02,-16.51,0.0,42.19,0.5,0.5,0.51
2020,104,-3.8,-11.6,4.34,-13.13,0.0,53.12,0.51,0.51,0.49
2020,105,-2.99,-8.2,3.56,-11.1,0.05,57.5,0.51,0.51,0.48
2020,106,-3.52,-9.54,2.72,-10.21,0.07,63.62,0.51,0.51,0.48
2020,107,-3.87,-10.9,4.15,-15.31,0.0,49.38,0.51,0.51,0.48
2020,108,-4.21,-10.27,1.87,-11.44,0.05,61.62,0.51,0.51,0.48
2020,109,-4.64,-8.87,0.79,-11.7,0.36,62.12,0.51,0.51,0.48
2020,110,-5.46,-11.6,0.28,-13.1,0.2,59.69,0.51,0.51,0.48
2020,111,-5.73,-12.24,0.74,-14.46,0.14,53.56,0.5,0.51,0.48
2020,112,-7.29,-14.85,-2.3,-12.31,29.65,69.0,0.51,0.51,0.49
2020,113,-8.79,-15.12,-2.85,-12.82,1.78,75.44,0.51,0.52,0.5
2020,114,-8.83,-14.99,-3.42,-13.96,0.53,67.94,0.52,0.52,0.5
2020,115,-7.61,-13.85,-1.06,-14.65,0.08,58.88,0.52,0.52,0.52
2020,116,-6.92,-15.18,0.25,-13.31,0.1,64.44,0.53,0.54,0.53
2020,117,-5.52,-12.02,0.01,-10.14,0.42,73.88,0.54,0.54,0.52
2020,118,-4.88,-10.42,0.63,-9.74,3.09,72.12,0.54,0.55,0.53
2020,119,-3.57,-10.08,1.67,-9.44,0.27,67.0,0.54,0.55,0.54
2020,120,-1.83,-6.48,3.62,-8.16,0.01,65.62,0.55,0.55,0.54
2020,121,-1.55,-7.78,4.96,-10.06,0.84,56.81,0.55,0.55,0.53
2020,122,-0.61,-5.27,5.74,-12.38,0.73,43.19,0.55,0.55,0.53
2020,123,-0.68,-6.88,6.19,-10.31,0.03,51.81,0.55,0.55,0.52
2020,124,-2.06,-7.78,3.81,-9.05,22.31,62.69,0.55,0.55,0.55
2020,125,-6.18,-13.59,0.15,-10.52,8.18,75.25,0.56,0.57,0.57
2020,126,-7.53,-15.34,-0.27,-11.81,0.55,75.44,0.56,0.58,0.57
2020,127,-7.35,-14.39,-0.17,-13.44,0.03,67.06,0.57,0.58,0.57
2020,128,-7.8,-15.37,-1.35,-13.24,0.39,67.88,0.57,0.58,0.57
2020,129,-3.27,-10.29,4.03,-13.46,0.14,49.12,0.58,0.59,0.59
2020,130,-2.6,-10.24,4.94,-11.38,0.04,57.06,0.58,0.59,0.58
2020,131,-1.82,-7.09,4.87,-10.06,0.52,59.38,0.58,0.59,0.58
2020,132,-1.1,-6.4,5.39,-11.26,0.42,49.75,0.58,0.59,0.57
2020,133,-2.2,-6.89,2.33,-10.58,0.04,53.75,0.58,0.59,0.57
2020,134,-1.1,-6.11,5.68,-10.09,0.0,54.94,0.58,0.59,0.56
2020,135,-0.0,-6.45,8.1,-8.56,0.0,59.19,0.58,0.58,0.56
2020,136,-0.84,-7.5,6.98,-11.46,0.0,51.06,0.57,0.58,0.55
2020,137,-0.89,-7.66,7.54,-11.99,0.0,51.75,0.57,0.58,0.55
2020,138,-0.73,-6.92,7.46,-10.92,0.0,57.19,0.57,0.57,0.55
2020,139,-2.52,-6.69,3.39,-11.31,0.0,56.31,0.57,0.57,0.55
2020,140,-3.24,-8.26,3.39,-14.42,0.0,46.56,0.56,0.57,0.54
2020,141,-0.64,-7.46,6.86,-15.01,0.0,37.0,0.56,0.57,0.54
2020,142,1.46,-5.53,10.08,-14.45,0.0,32.69,0.56,0.56,0.53
2020,143,1.94,-5.6,10.52,-11.89,0.0,43.19,0.55,0.56,0.53
2020,144,0.8,-6.35,8.37,-9.5,0.0,53.75,0.55,0.56,0.52
2020,145,1.41,-3.92,7.65,-6.85,0.0,58.62,0.55,0.55,0.52
2020,146,0.87,-5.05,6.87,-9.4,0.0,49.75,0.55,0.55,0.52
2020,147,-2.33,-5.95,2.49,-13.35,0.07,42.25,0.55,0.55,0.52
2020,148,-0.7,-6.49,5.08,-15.67,0.12,32.19,0.55,0.55,0.52
2020,149,1.05,-5.18,7.26,-13.35,0.25,35.69,0.55,0.55,0.51
2020,150,0.23,-4.25,5.58,-6.33,3.75,64.62,0.55,0.55,0.52
2020,151,0.28,-5.81,7.37,-6.84,0.13,64.5,0.55,0.55,0.53
2020,152,0.7,-5.24,7.76,-7.14,0.71,60.69,0.55,0.55,0.52
2020,153,0.62,-5.42,6.88,-6.2,1.8,64.38,0.55,0.55,0.53
2020,154,1.34,-5.11,8.73,-7.25,0.05,59.0,0.55,0.55,0.53
2020,155,0.82,-5.61,8.13,-6.89,0.0,61.69,0.55,0.55,0.52
2020,156,1.38,-5.35,9.09,-6.6,0.14,61.44,0.55,0.55,0.52
2020,157,1.35,-5.63,8.12,-5.9,1.2,63.94,0.55,0.55,0.52
2020,158,1.91,-4.63,8.83,-5.03,0.47,65.0,0.55,0.55,0.52
2020,159,2.87,-3.02,9.1,-4.2,0.06,64.62,0.55,0.55,0.52
2020,160,3.84,-3.34,11.1,-4.17,0.0,61.62,0.54,0.55,0.51
2020,161,5.11,-3.27,14.01,-4.73,0.0,56.88,0.54,0.54,0.5
2020,162,4.95,-4.34,14.21,-4.63,0.0,57.31,0.54,0.54,0.49
2020,163,4.05,-4.95,13.35,-8.25,0.0,50.38,0.53,0.54,0.48
2020,164,3.92,-5.25,13.56,-7.26,0.0,53.25,0.53,0.54,0.48
2020,165,3.71,-5.49,13.71,-8.1,0.0,52.56,0.53,0.53,0.47
2020,166,3.46,-6.61,13.4,-9.02,0.02,50.62,0.53,0.53,0.46
2020,167,3.32,-6.18,12.92,-7.95,0.03,52.88,0.53,0.53,0.45
2020,168,4.48,-5.72,14.54,-5.96,0.01,55.75,0.52,0.53,0.45
2020,169,5.59,-3.97,15.21,-4.02,0.02,58.5,0.52,0.52,0.44
2020,170,5.39,-3.53,15.18,-4.81,0.01,55.19,0.52,0.52,0.43
2020,171,4.38,-5.06,13.87,-6.56,0.0,53.38,0.52,0.52,0.43
2020,172,4.3,-4.97,13.87,-7.95,0.01,51.0,0.52,0.52,0.42
2020,173,4.85,-4.38,13.94,-5.28,0.01,55.06,0.52,0.52,0.41
2020,174,6.19,-3.56,15.25,-5.6,0.07,50.31,0.52,0.52,0.41
2020,175,7.8,-2.85,17.16,-3.03,0.06,55.0,0.52,0.52,0.41
2020,176,8.31,-0.47,16.86,-1.28,0.46,57.94,0.52,0.52,0.41
2020,177,6.99,-0.16,15.28,-2.06,1.43,60.38,0.52,0.52,0.41
2020,178,7.3,-1.45,16.35,-3.57,0.01,53.75,0.52,0.52,0.41
2020,179,7.44,-2.16,17.51,-5.94,0.0,47.62,0.51,0.51,0.4
2020,180,7.3,-3.17,17.94,-7.92,0.0,45.69,0.51,0.51,0.4
2020,181,6.57,-3.49,17.06,-7.12,0.01,46.75,0.51,0.51,0.39
2020,182,6.93,-4.58,17.47,-10.32,0.0,35.69,0.51,0.51,0.39
2020,183,7.62,-3.76,17.59,-6.9,0.0,44.5,0.5,0.5,0.38
2020,184,7.89,-2.11,17.83,-5.22,0.01,48.44,0.5,0.5,0.38
2020,185,8.13,-0.37,17.58,-3.07,0.02,53.44,0.5,0.5,0.38
2020,186,6.98,-2.56,16.5,-3.9,0.02,53.75,0.5,0.5,0.38
2020,187,6.11,-4.37,16.01,-5.52,0.22,53.81,0.5,0.5,0.38
2020,188,6.65,-1.7,15.01,-2.0,0.03,60.56,0.5,0.49,0.38
2020,189,7.66,-0.12,15.73,0.31,1.84,65.25,0.5,0.5,0.39
2020,190,8.48,0.65,16.76,0.95,1.51,65.06,0.5,0.5,0.41
2020,191,9.16,1.69,17.79,0.89,1.34,62.0,0.5,0.5,0.42
2020,192,7.69,-1.63,16.51,-3.52,0.14,53.19,0.5,0.5,0.42
2020,193,7.85,-1.81,16.87,-3.28,0.43,51.94,0.5,0.5,0.41
2020,194,7.55,0.41,15.37,-2.37,0.0,55.5,0.49,0.49,0.41
2020,195,7.58,-2.67,17.4,-2.83,0.0,55.06,0.49,0.49,0.41
2020,196,8.44,-1.84,18.3,-2.31,0.0,54.88,0.49,0.49,0.4
2020,197,8.11,-1.49,17.53,-3.66,0.03,52.31,0.49,0.49,0.39
2020,198,9.05,0.5,17.76,-0.7,0.02,57.62,0.49,0.49,0.38
2020,199,8.44,1.04,15.78,0.08,0.0,61.81,0.49,0.48,0.38
2020,200,10.15,1.65,19.4,-1.61,0.0,51.94,0.48,0.48,0.38
2020,201,8.66,-0.45,17.68,-2.02,0.0,54.12,0.48,0.48,0.37
2020,202,7.32,-1.04,16.28,-3.04,0.05,54.88,0.48,0.48,0.37
2020,203,6.48,-2.61,15.42,-3.84,0.13,54.81,0.48,0.48,0.37
2020,204,5.89,-1.96,15.04,-6.35,0.06,49.44,0.48,0.48,0.36
2020,205,5.78,-4.31,15.22,-5.09,0.05,53.88,0.48,0.48,0.36
2020,206,8.12,-0.01,15.88,-2.06,0.11,55.0,0.48,0.48,0.35
2020,207,9.19,2.23,17.28,0.65,0.09,60.69,0.48,0.48,0.35
2020,208,10.28,1.74,18.53,-0.07,0.01,56.19,0.48,0.48,0.34
2020,209,10.85,2.8,19.34,-0.44,0.02,51.75,0.48,0.48,0.34
2020,210,9.83,1.11,18.04,-0.64,0.04,54.0,0.48,0.48,0.34
2020,211,10.42,3.27,18.73,-1.56,0.23,50.19,0.48,0.48,0.34
2020,212,8.16,2.42,16.94,0.16,4.07,62.88,0.48,0.48,0.38
2020,213,7.42,1.67,13.8,0.68,2.75,65.94,0.48,0.48,0.45
2020,214,9.71,2.09,18.33,-1.83,0.16,52.0,0.48,0.48,0.45
2020,215,9.56,0.41,19.32,-2.46,0.0,51.25,0.48,0.48,0.43
2020,216,9.15,0.22,17.95,-1.53,0.03,54.5,0.48,0.48,0.41
2020,217,9.43,-0.02,18.3,-0.89,0.09,56.38,0.48,0.48,0.4
2020,218,9.48,1.58,17.05,0.31,0.01,58.44,0.48,0.48,0.39
2020,219,10.33,1.38,18.44,0.42,0.04,56.19,0.48,0.48,0.38
2020,220,10.66,3.43,18.5,1.13,0.32,56.69,0.48,0.47,0.38
2020,221,10.51,3.67,18.04,1.92,0.05,60.5,0.47,0.47,0.37
2020,222,10.87,3.15,21.61,1.35,0.13,60.56,0.47,0.47,0.36
2020,223,10.95,3.46,19.58,0.48,0.16,55.25,0.47,0.47,0.35
2020,224,10.37,2.33,19.68,-2.67,0.08,50.25,0.47,0.47,0.34
2020,225,10.67,1.48,20.39,-0.47,0.18,54.12,0.47,0.47,0.34
2020,226,8.91,3.01,16.08,-0.36,0.44,57.38,0.47,0.47,0.34
2020,227,9.3,-0.27,19.94,-1.74,0.1,56.25,0.47,0.47,0.33
2020,228,9.82,0.97,19.62,-3.59,0.01,50.0,0.47,0.46,0.31
2020,229,9.63,1.41,18.83,-6.88,0.08,40.06,0.47,0.46,0.3
2020,230,9.65,-2.35,19.67,-10.27,0.02,27.5,0.47,0.46,0.28
2020,231,10.98,1.98,20.85,-2.84,0.19,49.0,0.46,0.46,0.27
2020,232,10.44,3.98,18.61,-1.96,0.29,47.75,0.46,0.46,0.27
2020,233,9.14,2.73,18.25,-1.43,0.14,54.69,0.46,0.46,0.26
2020,234,7.59,0.78,15.21,-0.12,0.36,63.56,0.46,0.46,0.26
2020,235,8.08,-0.35,17.9,-5.33,0.1,48.0,0.46,0.46,0.26
2020,236,8.27,-1.05,17.25,-6.67,0.0,38.81,0.46,0.46,0.25
2020,237,9.77,0.42,18.87,-7.96,0.01,32.81,0.46,0.46,0.24
2020,238,9.27,0.29,18.34,-5.01,0.0,44.44,0.46,0.46,0.23
2020,239,9.58,2.01,18.11,-0.63,0.05,55.0,0.46,0.46,0.23
2020,240,9.33,2.36,18.37,-1.39,0.02,54.38,0.46,0.46,0.23
2020,241,7.89,0.44,16.92,-3.29,0.04,54.38,0.46,0.46,0.22
2020,242,7.64,-1.92,17.81,-3.56,0.04,54.81,0.46,0.46,0.22
2020,243,7.56,-0.84,16.44,-1.7,0.05,58.44,0.46,0.46,0.21
2020,244,7.69,-3.06,18.76,-7.67,0.0,45.06,0.46,0.46,0.21
2020,245,8.88,-1.58,19.93,-10.05,0.0,33.88,0.46,0.46,0.2
2020,246,9.5,-0.49,19.34,-5.17,0.0,41.94,0.46,0.46,0.2
2020,247,9.37,1.52,18.53,-1.38,0.0,54.19,0.46,0.46,0.2
2020,248,7.16,-0.1,14.62,-1.47,0.0,59.69,0.46,0.46,0.2
2020,249,7.07,-2.74,17.48,-5.49,0.0,50.81,0.46,0.46,0.2
2020,250,6.62,-1.73,16.17,-2.73,0.04,58.25,0.46,0.46,0.19
2020,251,6.45,0.16,14.9,-3.65,0.01,54.44,0.46,0.46,0.19
2020,252,5.79,-3.42,16.31,-8.45,0.01,45.19,0.46,0.46,0.19
2020,253,5.58,-4.4,16.48,-8.74,0.02,46.62,0.46,0.46,0.19
2020,254,4.4,-5.27,15.91,-13.45,0.0,40.44,0.46,0.46,0.18
2020,255,3.59,-7.02,16.08,-17.04,0.0,34.88,0.46,0.46,0.18
2020,256,3.72,-7.81,16.4,-17.29,0.0,31.69,0.46,0.46,0.18
2020,257,4.37,-6.71,16.54,-13.13,0.0,39.56,0.46,0.46,0.17
2020,258,5.39,-4.88,16.47,-6.38,0.0,51.5,0.46,0.46,0.17
2020,259,4.58,-5.2,15.23,-7.31,0.28,51.38,0.46,0.46,0.17
2020,260,4.47,-5.34,14.83,-5.95,0.3,55.88,0.46,0.46,0.18
2020,261,5.0,-4.17,15.47,-6.12,0.0,54.56,0.46,0.46,0.18
2020,262,4.26,-5.09,15.79,-7.2,0.0,53.31,0.46,0.46,0.18
2020,263,2.82,-6.54,14.78,-14.98,0.0,42.25,0.46,0.46,0.18
2020,264,1.75,-7.37,13.62,-15.71,0.0,40.5,0.46,0.46,0.18
2020,265,2.4,-6.95,13.08,-17.2,0.0,28.0,0.46,0.46,0.18
2020,266,3.31,-4.98,14.27,-13.63,0.0,37.06,0.46,0.46,0.17
2020,267,2.83,-6.13,13.26,-7.66,0.02,55.19,0.46,0.46,0.17
2020,268,2.53,-5.59,13.28,-11.01,0.0,47.88,0.46,0.45,0.17
2020,269,0.59,-7.07,11.09,-16.29,0.0,43.06,0.46,0.45,0.17
2020,270,-1.14,-7.77,9.04,-14.69,0.0,50.88,0.46,0.45,0.17
2020,271,-1.99,-8.64,7.27,-16.01,0.0,41.19,0.46,0.45,0.17
2020,272,-0.83,-7.55,9.16,-15.69,0.0,43.0,0.46,0.45,0.16
2020,273,-0.83,-7.4,9.35,-17.17,0.0,39.94,0.46,0.45,0.16
2020,274,-0.38,-7.14,10.17,-16.02,0.0,38.5,0.46,0.45,0.16
2020,275,-0.74,-7.31,9.58,-15.7,0.0,42.12,0.46,0.45,0.16
2020,276,-0.79,-7.35,9.79,-17.87,0.0,38.44,0.46,0.45,0.16
2020,277,-1.0,-7.41,8.85,-18.77,0.0,36.5,0.46,0.45,0.16
2020,278,-1.24,-7.15,8.4,-16.14,0.0,43.25,0.46,0.45,0.16
2020,279,-1.72,-7.71,8.06,-21.77,0.0,32.0,0.46,0.45,0.16
2020,280,-0.98,-7.37,9.41,-24.93,0.0,16.81,0.46,0.45,0.16
2020,281,-1.39,-7.88,8.95,-24.8,0.0,18.81,0.46,0.45,0.16
2020,282,-1.07,-7.89,10.19,-19.92,0.0,34.62,0.46,0.45,0.16
2020,283,-0.99,-7.49,9.99,-20.05,0.0,32.5,0.46,0.45,0.16
2020,284,-0.92,-7.6,10.39,-23.5,0.0,22.56,0.46,0.45,0.16
2020,285,-0.36,-6.79,10.79,-19.56,0.0,28.44,0.46,0.45,0.16
2020,286,-0.88,-6.98,9.28,-16.42,0.0,42.31,0.46,0.45,0.16
2020,287,-1.29,-7.02,8.87,-13.63,0.0,53.19,0.46,0.45,0.16
2020,288,-1.92,-7.44,7.57,-18.74,0.0,40.75,0.46,0.45,0.16
2020,289,-1.63,-7.89,8.83,-21.27,0.0,30.38,0.46,0.45,0.16
2020,290,-1.36,-7.09,8.5,-22.9,0.0,22.81,0.46,0.45,0.16
2020,291,-1.39,-7.13,8.32,-24.4,0.0,19.25,0.46,0.45,0.16
2020,292,-1.39,-6.88,7.97,-22.73,0.0,22.44,0.46,0.45,0.15
2020,293,-2.4,-7.72,4.88,-22.57,0.0,25.0,0.46,0.45,0.15
2020,294,-3.06,-9.25,5.29,-19.38,0.0,27.94,0.46,0.45,0.15
2020,295,-3.29,-9.02,5.43,-19.05,0.0,40.06,0.46,0.45,0.15
2020,296,-4.33,-10.1,1.76,-16.35,0.01,42.75,0.46,0.45,0.15
2020,297,-3.52,-9.51,3.68,-16.31,0.04,44.44,0.46,0.45,0.15
2020,298,-5.06,-11.77,2.34,-20.21,0.0,38.94,0.46,0.45,0.15
2020,299,-6.04,-13.72,1.73,-21.16,0.0,41.0,0.46,0.45,0.15
2020,300,-7.85,-14.08,-1.99,-21.6,0.0,39.44,0.46,0.45,0.15
2020,301,-6.17,-12.35,1.76,-28.28,0.0,17.5,0.46,0.45,0.15
2020,302,-4.42,-12.4,4.73,-20.38,0.0,35.81,0.46,0.45,0.15
2020,303,-5.7,-12.55,2.09,-18.21,0.0,46.94,0.46,0.45,0.15
2020,304,-6.94,-14.77,1.61,-19.92,0.01,48.12,0.46,0.45,0.15
2020,305,-7.1,-14.84,1.15,-18.06,0.0,52.69,0.46,0.45,0.15
2020,306,-6.93,-14.7,1.68,-15.95,0.0,57.88,0.46,0.45,0.15
2020,307,-7.09,-14.17,-0.18,-15.82,0.0,56.69,0.46,0.45,0.15
2020,308,-7.47,-13.47,-0.76,-20.63,0.0,44.75,0.46,0.45,0.15
2020,309,-7.67,-12.27,-3.15,-18.47,0.0,46.12,0.46,0.45,0.15
2020,310,-9.42,-13.28,-4.55,-18.62,0.0,48.75,0.46,0.45,0.15
2020,311,-10.0,-16.68,-1.77,-23.92,0.0,42.44,0.46,0.45,0.15
2020,312,-9.36,-15.64,-2.25,-26.67,0.0,23.88,0.46,0.45,0.15
2020,313,-7.37,-14.56,0.19,-33.83,0.0,9.31,0.46,0.45,0.15
2020,314,-5.57,-11.29,2.61,-32.15,0.0,9.62,0.46,0.45,0.15
2020,315,-7.22,-14.95,1.29,-22.42,0.0,36.38,0.46,0.45,0.15
2020,316,-9.23,-16.2,-0.52,-22.67,0.0,43.81,0.46,0.45,0.15
2020,317,-8.88,-18.09,1.58,-27.38,0.0,30.31,0.46,0.45,0.15
2020,318,-8.24,-15.96,1.0,-25.88,0.0,26.25,0.46,0.45,0.15
2020,319,-7.87,-16.07,1.06,-23.14,0.0,29.75,0.46,0.45,0.15
2020,320,-9.16,-15.17,-1.5,-19.99,0.05,44.38,0.46,0.45,0.15
2020,321,-10.35,-16.4,-4.67,-18.84,1.54,51.94,0.46,0.45,0.15
2020,322,-13.67,-20.16,-5.67,-23.68,0.09,50.25,0.46,0.45,0.15
2020,323,-14.52,-20.94,-5.95,-22.47,0.0,56.69,0.46,0.45,0.15
2020,324,-14.63,-21.84,-6.31,-22.42,0.0,57.0,0.46,0.45,0.15
2020,325,-14.66,-21.21,-6.97,-26.0,0.0,47.75,0.46,0.45,0.15
2020,326,-15.57,-22.13,-8.77,-25.97,0.0,47.25,0.46,0.45,0.15
2020,327,-14.21,-22.45,-5.13,-23.92,0.0,47.38,0.46,0.45,0.15
2020,328,-12.49,-19.65,-4.49,-17.31,0.01,71.25,0.46,0.45,0.15
2020,329,-12.74,-18.86,-5.59,-17.68,0.01,70.12,0.46,0.45,0.15
2020,330,-12.97,-19.18,-6.0,-17.45,0.13,71.81,0.46,0.45,0.15
2020,331,-13.35,-17.83,-7.41,-18.01,0.17,70.31,0.46,0.45,0.15
2020,332,-12.16,-18.35,-5.33,-26.38,0.01,42.56,0.46,0.45,0.15
2020,333,-10.38,-17.95,-0.05,-25.21,0.0,28.69,0.46,0.45,0.15
2020,334,-9.17,-16.33,-0.16,-15.44,0.0,65.25,0.46,0.45,0.16
2020,335,-8.89,-14.35,-0.3,-15.49,0.0,64.88,0.46,0.45,0.16
2020,336,-10.02,-16.88,-0.99,-16.01,0.0,67.94,0.46,0.45,0.16
2020,337,-11.7,-17.86,-2.74,-22.1,0.0,50.06,0.46,0.45,0.16
2020,338,-12.62,-19.91,-3.32,-25.12,0.0,41.5,0.46,0.45,0.16
2020,339,-13.11,-19.63,-4.49,-21.0,0.0,57.75,0.46,0.45,0.16
2020,340,-13.13,-17.86,-5.52,-19.36,0.0,65.06,0.46,0.45,0.16
2020,341,-13.99,-20.41,-6.06,-19.36,0.0,67.38,0.46,0.45,0.16
2020,342,-11.79,-19.67,-2.16,-19.05,0.0,62.12,0.46,0.45,0.16
2020,343,-11.2,-17.63,-2.87,-15.56,0.0,72.75,0.46,0.45,0.16
2020,344,-11.97,-19.17,-4.1,-17.11,0.0,68.69,0.46,0.45,0.16
2020,345,-12.77,-18.13,-5.11,-19.21,0.0,63.38,0.46,0.45,0.16
2020,346,-13.96,-20.49,-5.27,-19.77,0.11,64.81,0.46,0.45,0.16
2020,347,-15.02,-21.26,-7.42,-19.91,0.67,68.44,0.46,0.45,0.16
2020,348,-16.16,-21.81,-8.16,-27.44,0.16,48.44,0.46,0.45,0.16
2020,349,-17.03,-23.59,-8.67,-28.71,0.0,38.62,0.46,0.45,0.16
2020,350,-16.38,-22.35,-8.65,-26.28,0.0,46.19,0.46,0.45,0.16
2020,351,-16.77,-21.52,-10.03,-23.16,0.0,61.94,0.46,0.45,0.16
2020,352,-17.86,-23.95,-10.3,-27.75,0.0,46.06,0.46,0.45,0.16
2020,353,-18.17,-24.52,-9.86,-30.04,0.0,38.19,0.46,0.45,0.16
2020,354,-16.49,-24.16,-6.45,-28.55,0.0,38.88,0.46,0.45,0.16
2020,355,-13.92,-21.35,-3.85,-23.54,0.0,46.25,0.46,0.45,0.16
2020,356,-13.14,-18.55,-5.25,-21.98,0.0,48.5,0.46,0.45,0.16
2020,357,-14.76,-21.14,-5.85,-27.42,0.0,35.94,0.46,0.45,0.16
2020,358,-15.83,-21.98,-6.95,-26.56,0.0,40.5,0.46,0.45,0.16
2020,359,-16.77,-23.99,-9.04,-26.15,0.0,50.19,0.46,0.45,0.16
2020,360,-17.36,-24.48,-9.05,-28.98,0.0,43.62,0.46,0.45,0.16
2020,361,-16.1,-23.05,-6.38,-29.45,0.0,30.44,0.46,0.45,0.16
2020,362,-17.06,-23.91,-8.21,-32.34,0.0,26.19,0.46,0.45,0.16
2020,363,-17.28,-22.14,-11.18,-23.35,0.03,60.31,0.46,0.45,0.16
2020,364,-18.46,-25.6,-9.64,-30.05,0.0,48.06,0.46,0.45,0.16
2020,365,-17.77,-23.57,-8.95,-34.33,0.0,24.62,0.46,0.45,0.16
2020,366,-17.12,-25.74,-7.35,-29.87,0.01,38.69,0.46,0.45,0.16
2021,1,-14.57,-20.73,-5.45,-30.63,0.0,25.94,0.46,0.45,0.16
2021,2,-14.42,-21.44,-7.53,-22.76,0.01,50.5,0.46,0.45,0.16
2021,3,-12.6,-17.27,-7.45,-15.26,0.8,81.69,0.46,0.45,0.16
2021,4,-13.17,-18.13,-5.55,-17.89,1.04,70.19,0.46,0.45,0.16
2021,5,-12.73,-16.7,-7.73,-15.63,0.9,81.56,0.46,0.45,0.16
2021,6,-14.7,-21.0,-7.91,-18.49,1.13,74.75,0.46,0.45,0.16
2021,7,-17.09,-25.21,-6.61,-25.87,0.02,52.94,0.46,0.45,0.16
2021,8,-15.56,-21.84,-6.39,-26.46,0.0,36.56,0.46,0.45,0.16
2021,9,-14.43,-19.49,-6.01,-22.94,0.0,47.69,0.46,0.45,0.16
2021,10,-14.81,-20.72,-4.97,-32.06,0.0,20.56,0.46,0.45,0.16
2021,11,-15.02,-22.94,-4.06,-31.05,0.0,23.25,0.46,0.45,0.16
2021,12,-14.88,-22.56,-4.24,-32.24,0.0,21.19,0.46,0.45,0.16
2021,13,-13.64,-21.32,-4.24,-33.06,0.0,18.12,0.46,0.45,0.16
2021,14,-12.6,-21.17,-2.23,-31.81,0.0,16.81,0.46,0.45,0.16
2021,15,-10.29,-17.41,-2.23,-21.61,0.0,36.81,0.46,0.45,0.16
2021,16,-13.18,-18.54,-5.9,-25.54,0.0,37.19,0.46,0.45,0.16
2021,17,-12.2,-19.77,-2.72,-25.99,0.0,30.69,0.46,0.45,0.16
2021,18,-14.73,-21.06,-6.08,-24.17,0.0,52.12,0.46,0.45,0.16
2021,19,-16.47,-23.34,-7.1,-23.76,0.0,62.88,0.46,0.45,0.16
2021,20,-17.54,-24.28,-8.57,-27.43,0.0,50.56,0.46,0.45,0.16
2021,21,-15.49,-22.52,-5.77,-29.25,0.0,34.0,0.46,0.45,0.16
2021,22,-11.6,-17.13,-3.21,-24.46,0.0,32.44,0.46,0.45,0.16
2021,23,-13.92,-18.75,-7.53,-21.91,0.0,53.5,0.46,0.45,0.16
2021,24,-16.81,-22.13,-9.29,-25.77,0.0,51.81,0.46,0.45,0.16
2021,25,-18.27,-26.26,-8.54,-29.33,0.0,48.75,0.46,0.45,0.16
2021,26,-18.37,-25.41,-9.25,-30.86,0.0,35.81,0.46,0.45,0.16
2021,27,-17.97,-25.97,-7.8,-30.73,0.0,39.0,0.46,0.45,0.16
2021,28,-18.3,-26.13,-9.67,-29.23,0.0,43.31,0.46,0.45,0.16
2021,29,-18.29,-24.37,-12.36,-27.58,0.0,48.81,0.46,0.45,0.16
2021,30,-18.03,-24.24,-9.69,-29.76,0.0,39.62,0.46,0.45,0.16
2021,31,-15.44,-23.38,-5.52,-25.35,0.0,52.94,0.46,0.45,0.16
2021,32,-16.17,-23.27,-7.62,-23.71,0.0,57.81,0.46,0.45,0.16
2021,33,-15.66,-23.21,-5.33,-28.48,0.0,45.69,0.46,0.45,0.16
2021,34,-17.34,-24.69,-9.67,-24.08,0.01,61.0,0.46,0.45,0.16
2021,35,-16.61,-24.23,-10.58,-21.8,0.63,68.0,0.46,0.45,0.16
2021,36,-16.83,-22.55,-12.16,-24.51,0.22,53.38,0.46,0.45,0.16
2021,37,-16.77,-21.88,-9.55,-28.93,0.37,36.75,0.46,0.45,0.16
2021,38,-13.35,-21.33,-4.78,-30.1,0.0,21.31,0.46,0.45,0.16
2021,39,-11.19,-18.39,-0.92,-26.45,0.0,26.75,0.46,0.45,0.17
2021,40,-10.93,-19.52,-2.02,-21.37,0.0,46.81,0.46,0.46,0.17
2021,41,-12.56,-18.04,-6.38,-20.77,0.0,54.38,0.46,0.46,0.18
2021,42,-12.12,-20.28,-2.06,-24.11,0.0,41.0,0.46,0.46,0.18
2021,43,-12.63,-21.85,-2.42,-25.81,0.0,43.44,0.46,0.46,0.18
2021,44,-10.95,-17.08,-2.53,-24.58,0.0,32.62,0.46,0.46,0.18
2021,45,-12.45,-17.45,-4.96,-23.08,0.0,47.25,0.46,0.46,0.18
2021,46,-12.68,-18.17,-5.1,-25.92,0.0,33.38,0.46,0.46,0.19
2021,47,-13.51,-19.23,-7.51,-24.06,0.0,44.19,0.46,0.46,0.19
2021,48,-13.48,-17.08,-9.79,-21.4,0.0,49.56,0.46,0.46,0.19
2021,49,-12.95,-16.87,-8.7,-23.1,0.0,44.0,0.46,0.46,0.19
2021,50,-11.31,-17.82,-4.35,-30.93,0.0,21.19,0.46,0.46,0.19
2021,51,-7.99,-16.93,2.3,-25.06,0.0,25.69,0.46,0.46,0.19
2021,52,-8.53,-16.87,0.67,-18.71,0.0,50.5,0.46,0.46,0.19
2021,53,-8.05,-14.9,-0.06,-16.11,0.0,58.69,0.46,0.46,0.19
2021,54,-10.01,-17.15,-1.92,-16.75,0.0,61.06,0.46,0.46,0.19
2021,55,-11.41,-17.49,-4.23,-20.54,0.0,54.75,0.46,0.46,0.19
2021,56,-11.42,-19.52,-2.41,-19.42,0.0,59.44,0.46,0.46,0.19
2021,57,-9.95,-19.12,-0.5,-18.42,0.07,57.88,0.46,0.46,0.19
2021,58,-9.24,-15.02,-1.7,-16.42,0.12,61.0,0.46,0.46,0.19
2021,59,-10.91,-18.65,-2.03,-23.86,0.0,42.19,0.46,0.46,0.19
2021,60,-12.3,-21.1,-2.51,-26.18,0.0,43.44,0.46,0.46,0.19
2021,61,-11.6,-19.84,-2.52,-25.87,0.0,41.31,0.46,0.46,0.19
2021,62,-10.13,-18.42,-0.77,-21.93,0.0,42.0,0.46,0.46,0.19
2021,63,-11.73,-19.82,-3.18,-24.13,0.0,46.44,0.46,0.46,0.19
2021,64,-11.99,-19.1,-4.06,-24.2,0.0,45.62,0.46,0.46,0.19
2021,65,-9.91,-19.13,-1.45,-22.99,0.0,39.88,0.46,0.46,0.18
2021,66,-10.23,-16.16,-4.37,-14.88,0.23,70.5,0.46,0.46,0.18
2021,67,-9.79,-15.91,-3.57,-16.22,3.52,63.56,0.46,0.46,0.19
2021,68,-11.35,-18.82,-2.77,-20.91,0.02,53.19,0.46,0.46,0.2
2021,69,-11.02,-19.29,-2.72,-19.27,0.0,59.81,0.46,0.46,0.2
2021,70,-10.67,-17.56,-2.77,-21.13,0.0,49.19,0.46,0.46,0.21
2021,71,-10.13,-17.52,-1.73,-18.1,0.0,60.5,0.46,0.46,0.23
2021,72,-8.49,-15.82,-1.63,-21.31,0.0,44.19,0.46,0.46,0.23
2021,73,-8.2,-16.53,-0.38,-22.85,0.0,30.69,0.46,0.46,0.24
2021,74,-8.18,-16.92,0.3,-20.99,0.0,46.69,0.46,0.46,0.25
2021,75,-9.18,-17.45,-1.22,-20.33,0.0,47.06,0.46,0.46,0.25
2021,76,-8.65,-16.91,-0.82,-17.26,0.0,55.75,0.46,0.46,0.25
2021,77,-9.63,-15.91,-2.37,-22.68,0.0,43.94,0.46,0.46,0.25
2021,78,-8.85,-16.4,-0.93,-21.4,0.0,39.56,0.46,0.46,0.25
2021,79,-8.17,-16.37,-1.17,-21.58,0.0,39.5,0.46,0.46,0.25
2021,80,-6.27,-13.91,1.26,-24.13,0.0,24.81,0.46,0.46,0.25
2021,81,-6.52,-13.88,1.0,-16.77,0.12,51.94,0.46,0.46,0.25
2021,82,-7.85,-13.51,-0.71,-16.39,0.04,55.12,0.46,0.46,0.24
2021,83,-9.81,-15.1,-3.57,-20.42,0.31,49.62,0.46,0.46,0.24
2021,84,-9.52,-16.38,-3.08,-22.67,0.09,37.12,0.46,0.46,0.24
2021,85,-6.81,-15.7,1.3,-25.48,0.0,22.0,0.46,0.46,0.24
2021,86,-4.58,-12.56,2.74,-23.44,0.0,20.69,0.46,0.46,0.24
2021,87,-4.81,-12.28,3.18,-14.89,0.0,50.81,0.46,0.46,0.24
2021,88,-4.97,-10.2,1.75,-13.42,0.0,55.69,0.46,0.46,0.24
2021,89,-6.44,-14.19,1.32,-15.96,0.0,49.25,0.46,0.46,0.24
2021,90,-5.85,-13.28,2.28,-20.38,0.0,39.62,0.46,0.46,0.24
2021,91,-8.27,-15.52,-1.27,-24.27,0.0,29.12,0.46,0.46,0.23
2021,92,-10.56,-16.74,-3.32,-26.8,0.0,26.0,0.46,0.46,0.23
2021,93,-11.93,-19.21,-4.9,-28.46,0.0,24.62,0.46,0.46,0.23
2021,94,-7.35,-17.74,0.22,-24.46,0.0,24.81,0.46,0.46,0.23
2021,95,-3.77,-9.52,4.12,-13.99,0.0,48.81,0.46,0.46,0.23
2021,96,-4.25,-7.17,0.73,-13.17,0.02,51.69,0.46,0.46,0.23
2021,97,-5.22,-9.86,0.26,-14.31,0.07,52.5,0.46,0.46,0.23
2021,98,-6.29,-12.36,0.51,-18.17,0.0,46.44,0.46,0.46,0.23
2021,99,-7.38,-13.71,-0.99,-20.96,0.0,37.88,0.46,0.46,0.23
2021,100,-6.56,-13.92,-0.11,-21.38,0.0,31.31,0.46,0.46,0.23
2021,101,-5.72,-11.21,0.19,-21.14,0.0,29.75,0.46,0.46,0.22
2021,102,-5.77,-12.32,0.63,-16.36,0.0,46.56,0.46,0.46,0.22
2021,103,-5.42,-13.4,1.39,-21.8,0.0,34.56,0.46,0.46,0.22
2021,104,-3.37,-9.4,3.15,-19.13,0.0,28.88,0.46,0.46,0.22
2021,105,-3.06,-8.01,3.15,-18.76,0.0,30.31,0.46,0.46,0.21
2021,106,-3.13,-7.35,3.48,-17.44,0.0,33.94,0.46,0.46,0.21
2021,107,-3.66,-6.89,1.32,-13.47,0.7,48.56,0.46,0.46,0.22
2021,108,-4.92,-8.77,1.36,-18.06,0.34,36.44,0.46,0.46,0.24
2021,109,-5.94,-11.92,0.8,-21.48,0.07,32.12,0.46,0.46,0.24
2021,110,-5.52,-13.0,0.93,-19.28,0.0,36.75,0.46,0.46,0.24
2021,111,-4.36,-8.0,0.89,-14.65,0.5,45.94,0.46,0.46,0.24
2021,112,-7.13,-10.24,-1.78,-15.83,2.96,50.69,0.46,0.46,0.25
2021,113,-7.24,-14.22,-0.95,-14.92,0.38,56.69,0.46,0.46,0.26
2021,114,-8.28,-11.82,-4.58,-21.69,0.33,37.62,0.46,0.46,0.27
2021,115,-5.77,-13.7,0.46,-27.99,0.0,14.5,0.47,0.46,0.3
2021,116,-3.43,-8.95,3.81,-20.67,0.0,24.88,0.47,0.46,0.33
2021,117,-2.88,-7.34,1.77,-18.13,0.0,28.81,0.47,0.47,0.34
2021,118,-1.7,-5.16,3.4,-15.01,0.0,35.19,0.47,0.47,0.33
2021,119,-1.79,-5.72,4.15,-13.74,0.17,40.12,0.47,0.46,0.33
2021,120,-1.68,-6.97,5.08,-13.2,0.03,43.12,0.47,0.46,0.32
2021,121,-0.42,-6.69,6.26,-13.46,0.01,39.31,0.47,0.46,0.31
2021,122,-1.64,-6.21,2.8,-10.38,0.29,53.0,0.47,0.46,0.31
2021,123,0.47,-5.8,7.65,-11.59,0.05,44.0,0.47,0.46,0.3
2021,124,1.06,-6.27,9.4,-12.99,0.71,44.06,0.47,0.46,0.3
2021,125,-1.21,-6.2,4.66,-7.88,0.72,64.62,0.47,0.46,0.31
2021,126,0.31,-6.03,8.96,-10.45,0.27,52.31,0.47,0.47,0.33
2021,127,-0.61,-6.05,7.11,-9.93,0.17,56.06,0.47,0.47,0.34
2021,128,-1.36,-6.27,4.73,-9.82,0.2,55.56,0.47,0.47,0.33
2021,129,-1.67,-5.37,2.59,-10.21,0.01,54.44,0.47,0.46,0.33
2021,130,-0.02,-5.13,5.65,-14.06,0.08,35.56,0.47,0.46,0.32
2021,131,1.47,-4.74,8.84,-14.62,0.17,33.19,0.47,0.46,0.31
2021,132,-1.43,-5.38,3.51,-9.5,0.99,57.25,0.47,0.46,0.31
2021,133,-2.45,-7.63,5.28,-11.86,0.58,53.44,0.47,0.46,0.32
2021,134,-2.9,-8.21,4.08,-14.78,0.14,44.38,0.47,0.46,0.33
2021,135,-2.65,-8.77,4.85,-16.67,0.02,38.88,0.47,0.46,0.33
2021,136,-0.67,-7.2,7.52,-14.49,0.0,42.5,0.47,0.46,0.32
2021,137,-1.6,-7.39,4.98,-10.6,0.0,57.19,0.47,0.46,0.31
2021,138,1.01,-6.1,10.04,-9.8,0.05,52.44,0.47,0.46,0.3
2021,139,1.83,-4.71,9.34,-5.56,6.15,62.69,0.47,0.47,0.33
2021,140,0.68,-5.11,7.05,-3.55,16.51,76.12,0.48,0.48,0.48
2021,141,-2.95,-9.89,4.17,-12.01,0.83,54.81,0.49,0.49,0.5
2021,142,-2.78,-10.38,5.69,-12.97,0.01,52.19,0.49,0.5,0.49
2021,143,-0.7,-8.14,8.26,-12.56,0.01,48.0,0.49,0.5,0.48
2021,144,-0.07,-7.46,8.55,-11.55,0.05,49.12,0.49,0.5,0.48
2021,145,0.63,-6.09,9.8,-10.9,0.05,49.12,0.49,0.49,0.47
2021,146,0.34,-6.98,9.22,-13.33,0.0,43.31,0.49,0.49,0.47
2021,147,1.28,-6.81,10.32,-13.81,0.0,36.06,0.49,0.49,0.47
2021,148,3.27,-5.19,13.21,-12.43,0.07,33.94,0.49,0.49,0.47
2021,149,4.45,-5.14,13.47,-6.74,0.53,53.0,0.48,0.48,0.47
2021,150,4.07,-2.99,11.6,-5.21,0.72,57.12,0.48,0.48,0.47
2021,151,2.94,-2.84,9.93,-5.92,0.13,56.81,0.48,0.48,0.47
2021,152,1.73,-5.29,10.53,-8.67,0.18,52.44,0.48,0.48,0.47
2021,153,1.56,-5.03,8.93,-7.67,0.07,55.69,0.48,0.48,0.47
2021,154,2.82,-3.56,10.08,-5.68,0.0,58.44,0.48,0.48,0.46
2021,155,3.06,-5.51,11.58,-8.93,0.01,49.88,0.48,0.48,0.46
2021,156,2.51,-4.6,9.65,-7.0,1.41,55.19,0.48,0.48,0.46
2021,157,2.05,-4.07,7.66,-5.77,8.21,59.19,0.48,0.48,0.51
2021,158,2.51,-3.84,8.55,-8.93,0.98,44.12,0.49,0.49,0.48
2021,159,3.21,-6.08,11.56,-12.31,0.0,35.62,0.49,0.49,0.47
2021,160,5.94,-3.13,13.8,-13.04,0.0,25.69,0.49,0.49,0.47
2021,161,6.18,-2.15,14.22,-7.95,0.87,39.31,0.48,0.48,0.47
2021,162,5.58,-2.79,14.08,-10.03,0.31,33.56,0.48,0.48,0.47
2021,163,5.19,-3.6,13.87,-8.42,0.15,40.25,0.48,0.48,0.46
2021,164,5.89,-2.71,14.92,-3.87,0.37,58.31,0.48,0.48,0.46
2021,165,4.78,-3.02,13.98,-3.35,0.73,61.38,0.48,0.48,0.47
2021,166,3.88,-5.88,14.66,-10.22,0.46,46.88,0.48,0.48,0.46
2021,167,3.9,-5.93,14.53,-8.51,0.29,50.0,0.48,0.48,0.46
2021,168,4.74,-4.65,14.01,-3.83,0.99,60.12,0.48,0.48,0.46
2021,169,5.31,-2.52,13.28,-1.77,2.51,65.62,0.48,0.48,0.48
2021,170,5.84,-2.8,14.53,-2.14,1.41,62.56,0.48,0.48,0.48
2021,171,4.82,-3.49,13.83,-5.69,0.47,54.69,0.48,0.48,0.46
2021,172,5.71,-3.49,15.45,-4.18,0.05,56.38,0.48,0.48,0.45
2021,173,5.02,-5.6,15.77,-7.39,0.09,50.75,0.48,0.48,0.45
2021,174,4.0,-5.5,14.23,-6.99,0.01,53.56,0.48,0.48,0.44
2021,175,3.46,-6.74,13.65,-10.15,0.09,46.62,0.48,0.48,0.42
2021,176,3.3,-5.69,13.23,-8.85,0.28,49.44,0.48,0.48,0.42
2021,177,3.84,-6.78,14.16,-7.99,0.04,51.56,0.48,0.47,0.41
2021,178,5.71,-4.82,16.12,-6.89,0.13,49.0,0.47,0.47,0.4
2021,179,7.85,-3.02,18.31,-6.12,0.32,44.12,0.47,0.47,0.39
2021,180,8.45,-2.17,19.83,-7.81,0.0,41.75,0.47,0.47,0.38
2021,181,9.29,-1.54,20.8,-7.17,0.0,41.12,0.47,0.47,0.35
2021,182,8.41,-0.8,18.91,-5.42,0.0,46.88,0.47,0.47,0.33
2021,183,6.49,-2.95,16.43,-8.72,0.02,45.25,0.47,0.46,0.31
2021,184,6.04,-3.38,15.85,-5.72,0.05,51.12,0.47,0.46,0.3
2021,185,6.65,-4.62,16.75,-6.79,0.0,47.94,0.47,0.46,0.29
2021,186,8.09,-2.17,17.6,-3.31,0.0,52.44,0.46,0.46,0.27
2021,187,9.35,-0.43,19.6,-4.67,0.0,47.19,0.46,0.46,0.27
2021,188,9.17,-1.38,19.41,-6.45,0.0,42.44,0.46,0.46,0.26
2021,189,8.86,-1.17,18.76,-5.24,0.03,45.06,0.46,0.46,0.25
2021,190,8.26,-0.57,16.33,-3.33,0.14,48.69,0.46,0.46,0.24
2021,191,10.23,-0.24,18.75,-5.45,0.09,36.56,0.46,0.46,0.23
2021,192,10.33,2.58,18.5,-1.47,0.99,50.0,0.46,0.46,0.23
2021,193,8.65,3.0,15.23,-0.05,1.36,58.69,0.47,0.46,0.28
2021,194,5.79,1.71,10.62,-0.04,0.36,68.75,0.47,0.46,0.3
2021,195,8.8,-0.72,18.38,-3.48,0.02,50.31,0.47,0.46,0.3
2021,196,9.52,0.65,18.97,-3.67,0.0,46.38,0.47,0.46,0.29
2021,197,10.73,-0.62,19.95,-3.35,0.1,45.38,0.46,0.46,0.27
2021,198,11.76,1.8,19.87,-1.15,0.02,47.75,0.46,0.46,0.27
2021,199,13.19,5.28,20.93,-1.45,0.73,40.12,0.46,0.46,0.27
2021,200,11.24,4.18,19.25,1.34,1.69,57.06,0.47,0.46,0.3
2021,201,10.94,4.33,19.58,1.63,0.98,58.12,0.47,0.47,0.33
2021,202,11.13,1.83,20.98,0.01,0.64,53.62,0.47,0.47,0.34
2021,203,10.62,2.45,19.26,1.54,0.63,59.38,0.47,0.47,0.34
2021,204,7.95,2.94,14.71,2.23,2.87,70.62,0.47,0.47,0.38
2021,205,10.54,1.65,20.16,3.13,9.68,66.5,0.48,0.48,0.5
2021,206,11.02,3.44,18.53,4.41,7.54,67.75,0.49,0.5,0.52
2021,207,11.09,4.31,19.23,1.05,1.54,54.81,0.49,0.5,0.48
2021,208,8.6,-1.45,17.85,-5.31,0.33,42.38,0.49,0.49,0.47
2021,209,9.66,-0.06,17.67,-5.17,0.37,39.75,0.49,0.49,0.47
2021,210,8.35,1.19,14.53,-1.58,1.32,54.12,0.49,0.49,0.48
2021,211,8.63,0.61,16.84,0.42,0.75,62.5,0.49,0.49,0.47
2021,212,7.99,2.29,15.11,1.52,0.15,67.81,0.49,0.49,0.47
2021,213,7.97,2.16,16.32,1.1,0.04,66.25,0.48,0.48,0.47
2021,214,8.43,0.62,17.12,-0.18,0.04,61.19,0.48,0.48,0.47
2021,215,9.12,1.81,17.78,0.55,0.12,60.56,0.48,0.48,0.46
2021,216,9.13,1.72,17.38,-0.42,0.01,57.69,0.48,0.48,0.46
2021,217,8.91,-0.64,18.05,-0.93,0.15,57.25,0.48,0.48,0.45
2021,218,8.71,-0.56,17.51,-0.39,0.14,59.56,0.48,0.48,0.45
2021,219,9.49,1.38,17.71,1.14,0.13,61.5,0.48,0.48,0.45
2021,220,9.45,0.76,18.4,0.73,0.28,61.19,0.48,0.48,0.44
2021,221,9.3,1.73,17.77,0.74,0.27,61.12,0.48,0.47,0.43
2021,222,8.63,1.38,17.9,-1.88,0.38,54.94,0.48,0.47,0.42
2021,223,7.73,-1.49,17.96,-3.9,0.04,51.12,0.47,0.47,0.41
2021,224,8.12,-1.74,18.35,-5.59,0.03,47.88,0.47,0.47,0.39
2021,225,8.22,-1.87,18.45,-4.52,0.42,49.75,0.47,0.47,0.38
2021,226,7.39,-1.44,17.14,-4.27,0.12,53.5,0.47,0.47,0.36
2021,227,6.44,-1.98,16.8,-4.72,0.09,54.81,0.47,0.47,0.34
2021,228,5.47,-4.17,15.83,-6.27,0.4,53.31,0.47,0.47,0.34
2021,229,5.73,-4.91,16.64,-7.95,0.34,48.62,0.47,0.47,0.33
2021,230,7.08,-4.47,18.36,-8.36,0.0,43.94,0.47,0.46,0.32
2021,231,8.48,-3.01,18.92,-4.41,0.35,46.88,0.47,0.46,0.3
2021,232,8.77,0.97,17.07,0.89,1.56,63.62,0.47,0.47,0.34
2021,233,8.59,0.93,17.58,-0.1,0.36,60.75,0.47,0.47,0.34
2021,234,9.24,0.23,18.3,-0.5,0.12,57.31,0.47,0.47,0.34
2021,235,10.62,1.84,19.16,-0.85,0.04,51.75,0.47,0.46,0.32
2021,236,11.23,3.4,19.04,-0.01,0.08,51.06,0.47,0.46,0.3
2021,237,11.26,2.34,20.94,-3.17,0.13,44.25,0.47,0.46,0.29
2021,238,10.48,1.1,21.6,-6.74,0.03,36.94,0.46,0.46,0.27
2021,239,9.88,1.37,20.35,-2.54,0.22,51.81,0.46,0.46,0.27
2021,240,7.31,-1.31,17.59,-5.44,0.51,50.06,0.46,0.46,0.27
2021,241,4.67,-4.36,14.77,-8.05,0.18,49.56,0.46,0.46,0.27
2021,242,4.08,-5.81,14.12,-8.17,0.29,50.62,0.46,0.46,0.27
2021,243,4.14,-6.62,14.98,-9.29,0.24,47.0,0.46,0.46,0.27
2021,244,5.78,-3.57,15.19,-6.32,0.24,48.25,0.46,0.46,0.27
2021,245,5.65,-2.17,14.58,-2.77,0.05,61.06,0.46,0.46,0.27
2021,246,6.44,-2.51,15.73,-3.29,0.0,56.94,0.46,0.46,0.26
2021,247,7.13,-2.06,16.29,-3.51,0.0,53.06,0.46,0.46,0.26
2021,248,6.46,-1.75,14.97,-5.24,0.07,48.56,0.46,0.46,0.25
2021,249,8.91,-0.03,17.51,-5.46,0.0,39.06,0.46,0.46,0.24
2021,250,9.49,1.27,17.75,-2.23,0.34,50.44,0.46,0.46,0.23
2021,251,7.05,-0.97,13.81,-6.91,1.54,41.81,0.46,0.46,0.27
2021,252,5.6,-1.77,14.44,-3.49,1.91,58.25,0.47,0.46,0.3
2021,253,4.53,-1.52,12.45,-2.18,0.28,66.38,0.47,0.47,0.35
2021,254,4.9,-2.65,13.4,-2.82,0.13,63.25,0.47,0.47,0.35
2021,255,4.51,-2.31,11.84,-1.93,0.15,68.12,0.47,0.47,0.34
2021,256,4.48,-3.87,13.51,-2.85,0.32,65.44,0.47,0.47,0.34
2021,257,5.02,-2.31,13.85,-5.08,0.19,55.44,0.47,0.47,0.34
2021,258,5.02,-3.51,15.01,-7.5,0.0,48.44,0.47,0.46,0.33
2021,259,5.25,-3.91,14.48,-9.24,0.26,44.19,0.47,0.46,0.31
2021,260,3.93,-5.82,13.04,-14.49,0.07,27.94,0.47,0.46,0.3
2021,261,4.89,-5.02,15.33,-17.62,0.07,18.88,0.47,0.46,0.3
2021,262,6.84,-3.42,17.27,-9.24,0.0,41.56,0.47,0.46,0.28
2021,263,5.43,-1.68,14.57,-2.07,0.0,63.12,0.46,0.46,0.27
2021,264,4.67,-4.35,13.44,-5.38,0.01,55.25,0.46,0.46,0.27
2021,265,4.53,-4.03,13.51,-3.75,0.06,61.69,0.46,0.46,0.27
2021,266,4.17,-0.85,11.07,-2.65,0.26,66.25,0.46,0.46,0.27
2021,267,4.59,-2.45,13.15,-4.27,0.22,59.69,0.46,0.46,0.27
2021,268,4.0,-4.21,12.86,-8.03,0.26,49.62,0.46,0.46,0.27
2021,269,3.73,-2.88,11.94,-8.82,0.23,42.56,0.46,0.46,0.27
2021,270,3.75,-4.9,13.69,-15.69,0.0,26.19,0.46,0.46,0.27
2021,271,4.75,-3.89,13.19,-5.7,0.26,52.94,0.46,0.46,0.26
2021,272,4.73,-4.23,13.9,-9.7,0.04,39.44,0.46,0.46,0.26
2021,273,5.51,-3.61,14.58,-6.31,0.01,52.38,0.46,0.46,0.25
2021,274,4.05,-3.06,11.01,-3.96,0.09,60.69,0.46,0.46,0.25
2021,275,3.24,-5.7,13.54,-7.13,0.01,54.88,0.46,0.46,0.24
2021,276,2.08,-5.65,12.26,-10.12,0.0,49.62,0.46,0.46,0.24
2021,277,0.64,-5.92,9.88,-10.07,0.0,53.31,0.46,0.46,0.23
2021,278,-0.56,-7.3,9.17,-12.12,0.0,49.62,0.46,0.46,0.23
2021,279,0.28,-7.35,11.26,-16.88,0.0,32.69,0.46,0.46,0.23
2021,280,1.33,-5.94,12.15,-21.22,0.0,20.0,0.46,0.46,0.23
2021,281,-0.09,-6.84,10.33,-23.19,0.0,18.56,0.46,0.46,0.23
2021,282,-1.63,-8.1,8.4,-20.92,0.0,28.38,0.46,0.46,0.22
2021,283,-1.58,-7.49,8.5,-20.95,0.0,27.88,0.46,0.46,0.22
2021,284,-2.14,-7.62,7.03,-20.16,0.0,31.94,0.46,0.46,0.22
2021,285,-2.57,-7.6,5.8,-18.6,0.0,34.19,0.46,0.46,0.22
2021,286,-2.31,-6.92,6.19,-13.92,0.0,49.25,0.46,0.46,0.21
2021,287,-2.34,-7.3,5.58,-18.02,0.0,35.69,0.46,0.46,0.21
2021,288,-0.67,-6.65,8.27,-20.15,0.0,25.56,0.46,0.46,0.21
2021,289,-1.0,-6.24,7.81,-17.24,0.0,34.56,0.46,0.46,0.21
2021,290,-0.23,-5.65,7.97,-11.56,1.75,47.44,0.46,0.46,0.22
2021,291,0.18,-4.39,7.4,-4.38,16.57,75.31,0.47,0.46,0.29
2021,292,-2.08,-7.01,2.95,-3.49,21.21,91.69,0.48,0.48,0.48
2021,293,-7.82,-17.15,0.28,-9.41,12.76,88.38,0.5,0.51,0.52
2021,294,-11.48,-19.13,0.13,-14.39,0.05,80.5,0.51,0.52,0.51
2021,295,-11.91,-21.55,-0.67,-15.63,0.17,78.0,0.52,0.52,0.5
2021,296,-12.16,-20.21,-3.06,-15.39,0.0,79.25,0.52,0.52,0.49
2021,297,-12.06,-21.04,-2.96,-16.27,0.0,73.69,0.52,0.52,0.49
2021,298,-11.79,-18.03,-3.51,-15.47,0.01,76.94,0.52,0.52,0.49
2021,299,-12.9,-19.94,-3.71,-17.79,0.0,70.62,0.52,0.52,0.49
2021,300,-12.32,-20.9,-5.63,-18.75,0.0,60.38,0.52,0.52,0.49
2021,301,-9.6,-15.3,-1.4,-18.19,0.0,51.0,0.52,0.52,0.5
2021,302,-11.03,-19.22,-1.59,-18.52,0.0,60.31,0.52,0.52,0.49
2021,303,-10.99,-18.06,-1.86,-19.14,0.0,55.38,0.52,0.52,0.49
2021,304,-11.31,-17.91,-3.55,-18.42,0.0,59.44,0.52,0.52,0.49
2021,305,-11.55,-18.86,-4.06,-18.23,2.53,61.5,0.52,0.52,0.49
2021,306,-13.33,-20.3,-5.95,-18.88,0.37,66.69,0.52,0.52,0.49
2021,307,-13.33,-20.65,-6.38,-18.19,0.0,69.12,0.52,0.52,0.49
2021,308,-12.85,-20.89,-3.91,-19.1,0.0,63.88,0.52,0.52,0.49
2021,309,-12.19,-19.97,-3.38,-18.88,0.0,62.31,0.52,0.52,0.49
2021,310,-11.62,-18.89,-2.68,-18.22,0.0,63.12,0.52,0.52,0.49
2021,311,-11.77,-19.79,-2.23,-18.97,0.0,62.56,0.52,0.52,0.49
2021,312,-11.02,-19.3,-0.92,-19.15,0.0,58.31,0.52,0.52,0.49
2021,313,-9.8,-17.69,0.18,-18.96,0.0,52.5,0.52,0.52,0.49
2021,314,-9.71,-17.7,0.05,-20.33,0.0,46.19,0.52,0.52,0.49
2021,315,-9.78,-18.24,0.42,-20.98,0.0,44.19,0.52,0.52,0.49
2021,316,-9.51,-17.82,0.73,-21.58,0.0,40.62,0.52,0.52,0.49
2021,317,-9.83,-18.27,0.14,-22.08,0.0,40.56,0.52,0.52,0.49
2021,318,-9.2,-16.83,0.44,-20.91,0.0,40.25,0.52,0.52,0.49
2021,319,-11.92,-18.97,-3.41,-24.26,0.0,36.12,0.52,0.52,0.49
2021,320,-11.75,-19.19,-2.01,-21.52,0.0,50.25,0.52,0.52,0.49
2021,321,-10.04,-17.83,0.45,-20.99,0.0,43.81,0.52,0.52,0.49
2021,322,-9.85,-17.22,-0.7,-22.01,0.0,35.44,0.52,0.52,0.49
2021,323,-10.45,-16.96,-1.1,-21.2,0.0,42.25,0.52,0.52,0.49
2021,324,-10.62,-18.75,-0.92,-18.88,0.0,56.31,0.52,0.52,0.49
2021,325,-11.59,-18.7,-2.21,-19.12,0.0,58.31,0.52,0.52,0.49
2021,326,-12.2,-19.14,-4.08,-23.49,0.0,43.19,0.52,0.52,0.49
2021,327,-11.66,-16.87,-3.82,-24.22,0.0,33.12,0.52,0.52,0.48
2021,328,-11.12,-17.93,-1.98,-21.9,0.0,42.25,0.52,0.52,0.48
2021,329,-12.06,-18.72,-4.83,-18.77,0.0,60.5,0.52,0.52,0.48
2021,330,-12.09,-17.67,-4.51,-21.85,0.0,46.56,0.52,0.52,0.48
2021,331,-12.32,-19.42,-3.13,-22.38,0.0,45.75,0.52,0.52,0.48
2021,332,-13.13,-20.9,-3.38,-21.02,0.0,60.06,0.52,0.52,0.48
2021,333,-13.27,-21.02,-3.57,-22.95,0.0,52.06,0.52,0.52,0.48
2021,334,-12.38,-20.49,-1.4,-23.85,0.0,43.44,0.51,0.52,0.48
2021,335,-10.67,-18.24,-2.48,-20.73,0.0,46.0,0.51,0.52,0.48
2021,336,-8.7,-13.31,-3.85,-11.91,3.67,80.44,0.51,0.52,0.48
2021,337,-8.11,-13.76,-1.98,-11.22,3.15,80.75,0.51,0.52,0.48
2021,338,-10.48,-17.16,-0.25,-14.31,0.07,75.75,0.51,0.52,0.49
2021,339,-12.72,-18.6,-4.76,-17.67,0.09,69.56,0.51,0.52,0.48
2021,340,-14.38,-20.38,-8.26,-17.81,0.71,76.06,0.51,0.52,0.48
2021,341,-15.56,-21.35,-7.23,-23.0,0.49,54.44,0.51,0.52,0.48
2021,342,-15.83,-21.96,-7.96,-21.31,0.0,64.06,0.51,0.52,0.48
2021,343,-17.44,-24.52,-8.23,-23.35,0.0,64.38,0.51,0.52,0.48
2021,344,-17.48,-23.56,-10.51,-24.38,0.0,57.75,0.51,0.52,0.48
2021,345,-16.47,-21.92,-7.2,-26.57,0.0,41.0,0.51,0.52,0.48
2021,346,-16.16,-23.27,-6.38,-22.87,0.0,58.38,0.51,0.52,0.48
2021,347,-17.07,-23.24,-8.17,-23.6,0.0,60.44,0.51,0.52,0.48
2021,348,-18.86,-24.87,-10.35,-25.81,0.0,54.38,0.51,0.51,0.48
2021,349,-19.92,-26.51,-10.6,-28.6,0.0,48.69,0.51,0.51,0.48
2021,350,-20.15,-26.45,-11.56,-28.3,0.0,47.94,0.51,0.51,0.48
2021,351,-20.45,-26.52,-11.59,-26.19,0.0,63.5,0.51,0.51,0.48
2021,352,-21.21,-27.17,-15.62,-25.79,0.0,67.81,0.51,0.51,0.48
2021,353,-18.06,-24.79,-10.28,-28.31,0.0,41.5,0.51,0.51,0.48
2021,354,-16.39,-22.47,-7.73,-26.18,0.0,41.38,0.51,0.51,0.48
2021,355,-16.36,-22.55,-9.94,-21.52,0.0,65.0,0.51,0.51,0.48
2021,356,-16.56,-23.02,-8.15,-23.39,0.0,59.44,0.51,0.51,0.48
2021,357,-16.36,-22.88,-8.7,-21.32,0.0,66.25,0.51,0.51,0.48
2021,358,-16.75,-22.7,-9.54,-22.04,0.0,65.56,0.51,0.51,0.48
2021,359,-16.7,-22.67,-10.47,-22.49,0.0,63.25,0.51,0.51,0.48
2021,360,-16.61,-23.17,-10.45,-21.87,0.0,65.19,0.51,0.51,0.48
2021,361,-17.62,-23.0,-11.39,-24.88,0.0,55.38,0.51,0.51,0.48
2021,362,-19.06,-26.41,-12.01,-24.85,0.08,64.75,0.51,0.51,0.48
2021,363,-18.12,-23.52,-13.25,-23.62,1.09,62.38,0.51,0.51,0.48
2021,364,-19.86,-26.12,-12.24,-27.86,0.0,50.62,0.51,0.51,0.48
2021,365,-18.49,-25.63,-9.77,-25.47,0.0,54.25,0.51,0.51,0.48
